county,office,candidate,party,votes
Arkansas,Attorney General,Dustin McDaniel,Democratic,3967
Arkansas,Attorney General,Gunner DeLay,Republican,1464
Arkansas,Attorney General,Rebekah Kennedy,Green,164
Arkansas,Governor,Mike Beebe,Democratic,3898
Arkansas,Governor,Asa Hutchinson,Republican,1639
Arkansas,Governor,Rod Bryan,Independent,113
Arkansas,Governor,Jim Lendall,Green,79
Arkansas,Governor,Michael Jones,Write-In,0
Arkansas,Governor,Gene Mason,Write-In,0
Arkansas,Land Commissioner,Mark Wilcox,Democratic,4806
Arkansas,Land Commissioner,Robert David Lewis,Green,478
Arkansas,Lieutenant Governor,Bill Halter,Democratic,3803
Arkansas,Lieutenant Governor,Jim Holt,Republican,1823
Arkansas,Secretary of State,Charlie Daniels,Democratic,4149
Arkansas,Secretary of State,Jim Lagrone,Republican,1353
Arkansas,Secretary of State,"Ralph ""Marty"" Scully",Green,109
Arkansas,State Auditor,Auditor of State Jim Wood,Democratic,5012
Arkansas,State Auditor,Michael Joseph Bolzenius,Green,378
Arkansas,State Treasurer,Martha Shoffner,Democratic,3988
Arkansas,State Treasurer,Chris Morris,Republican,1378
Arkansas,State Treasurer,Brock Carpenter,Green,188
Ashley,Attorney General,Dustin McDaniel,Democratic,3755
Ashley,Attorney General,Gunner DeLay,Republican,1547
Ashley,Attorney General,Rebekah Kennedy,Green,168
Ashley,Governor,Mike Beebe,Democratic,3550
Ashley,Governor,Asa Hutchinson,Republican,1737
Ashley,Governor,Rod Bryan,Independent,165
Ashley,Governor,Jim Lendall,Green,112
Ashley,Governor,Michael Jones,Write-In,0
Ashley,Governor,Gene Mason,Write-In,0
Ashley,Land Commissioner,Mark Wilcox,Democratic,4777
Ashley,Land Commissioner,Robert David Lewis,Green,520
Ashley,Lieutenant Governor,Bill Halter,Democratic,3559
Ashley,Lieutenant Governor,Jim Holt,Republican,1958
Ashley,Secretary of State,Charlie Daniels,Democratic,3890
Ashley,Secretary of State,Jim Lagrone,Republican,1531
Ashley,Secretary of State,"Ralph ""Marty"" Scully",Green,105
Ashley,State Auditor,Auditor of State Jim Wood,Democratic,4885
Ashley,State Auditor,Michael Joseph Bolzenius,Green,432
Ashley,State Treasurer,Martha Shoffner,Democratic,3778
Ashley,State Treasurer,Chris Morris,Republican,1550
Ashley,State Treasurer,Brock Carpenter,Green,155
Baxter,Attorney General,Gunner DeLay,Republican,6230
Baxter,Attorney General,Dustin McDaniel,Democratic,6155
Baxter,Attorney General,Rebekah Kennedy,Green,805
Baxter,Governor,Asa Hutchinson,Republican,6440
Baxter,Governor,Mike Beebe,Democratic,6248
Baxter,Governor,Jim Lendall,Green,381
Baxter,Governor,Rod Bryan,Independent,296
Baxter,Governor,Michael Jones,Write-In,0
Baxter,Governor,Gene Mason,Write-In,0
Baxter,Land Commissioner,Mark Wilcox,Democratic,8888
Baxter,Land Commissioner,Robert David Lewis,Green,2797
Baxter,Lieutenant Governor,Jim Holt,Republican,6999
Baxter,Lieutenant Governor,Bill Halter,Democratic,6190
Baxter,Secretary of State,Charlie Daniels,Democratic,6882
Baxter,Secretary of State,Jim Lagrone,Republican,5787
Baxter,Secretary of State,"Ralph ""Marty"" Scully",Green,568
Baxter,State Auditor,Auditor of State Jim Wood,Democratic,9483
Baxter,State Auditor,Michael Joseph Bolzenius,Green,2388
Baxter,State Treasurer,Chris Morris,Republican,6217
Baxter,State Treasurer,Martha Shoffner,Democratic,6209
Baxter,State Treasurer,Brock Carpenter,Green,672
Benton,Attorney General,Gunner DeLay,Republican,26996
Benton,Attorney General,Dustin McDaniel,Democratic,18469
Benton,Attorney General,Rebekah Kennedy,Green,2352
Benton,Governor,Asa Hutchinson,Republican,28608
Benton,Governor,Mike Beebe,Democratic,18811
Benton,Governor,Rod Bryan,Independent,671
Benton,Governor,Jim Lendall,Green,529
Benton,Governor,Michael Jones,Write-In,31
Benton,Governor,Gene Mason,Write-In,9
Benton,Land Commissioner,Mark Wilcox,Democratic,28683
Benton,Land Commissioner,Robert David Lewis,Green,12257
Benton,Lieutenant Governor,Jim Holt,Republican,28456
Benton,Lieutenant Governor,Bill Halter,Democratic,19651
Benton,Secretary of State,Jim Lagrone,Republican,25964
Benton,Secretary of State,Charlie Daniels,Democratic,20416
Benton,Secretary of State,"Ralph ""Marty"" Scully",Green,1303
Benton,State Auditor,Auditor of State Jim Wood,Democratic,31183
Benton,State Auditor,Michael Joseph Bolzenius,Green,10544
Benton,State Treasurer,Chris Morris,Republican,27730
Benton,State Treasurer,Martha Shoffner,Democratic,17889
Benton,State Treasurer,Brock Carpenter,Green,1647
Boone,Attorney General,Gunner DeLay,Republican,5159
Boone,Attorney General,Dustin McDaniel,Democratic,4498
Boone,Attorney General,Rebekah Kennedy,Green,585
Boone,Governor,Asa Hutchinson,Republican,5784
Boone,Governor,Mike Beebe,Democratic,4362
Boone,Governor,Rod Bryan,Independent,263
Boone,Governor,Jim Lendall,Green,237
Boone,Governor,Michael Jones,Write-In,2
Boone,Governor,Gene Mason,Write-In,1
Boone,Land Commissioner,Mark Wilcox,Democratic,6628
Boone,Land Commissioner,Robert David Lewis,Green,2022
Boone,Lieutenant Governor,Jim Holt,Republican,6141
Boone,Lieutenant Governor,Bill Halter,Democratic,4266
Boone,Secretary of State,Charlie Daniels,Democratic,5383
Boone,Secretary of State,Jim Lagrone,Republican,4579
Boone,Secretary of State,"Ralph ""Marty"" Scully",Green,366
Boone,State Auditor,Auditor of State Jim Wood,Democratic,6994
Boone,State Auditor,Michael Joseph Bolzenius,Green,1778
Boone,State Treasurer,Chris Morris,Republican,5168
Boone,State Treasurer,Martha Shoffner,Democratic,4600
Boone,State Treasurer,Brock Carpenter,Green,493
Bradley,Attorney General,Dustin McDaniel,Democratic,1967
Bradley,Attorney General,Gunner DeLay,Republican,693
Bradley,Attorney General,Rebekah Kennedy,Green,79
Bradley,Governor,Mike Beebe,Democratic,1776
Bradley,Governor,Asa Hutchinson,Republican,862
Bradley,Governor,Jim Lendall,Green,82
Bradley,Governor,Rod Bryan,Independent,42
Bradley,Governor,Michael Jones,Write-In,0
Bradley,Governor,Gene Mason,Write-In,0
Bradley,Land Commissioner,Mark Wilcox,Democratic,2362
Bradley,Land Commissioner,Robert David Lewis,Green,245
Bradley,Lieutenant Governor,Bill Halter,Democratic,1920
Bradley,Lieutenant Governor,Jim Holt,Republican,828
Bradley,Secretary of State,Charlie Daniels,Democratic,2015
Bradley,Secretary of State,Jim Lagrone,Republican,687
Bradley,Secretary of State,"Ralph ""Marty"" Scully",Green,58
Bradley,State Auditor,Auditor of State Jim Wood,Democratic,2424
Bradley,State Auditor,Michael Joseph Bolzenius,Green,197
Bradley,State Treasurer,Martha Shoffner,Democratic,1950
Bradley,State Treasurer,Chris Morris,Republican,688
Bradley,State Treasurer,Brock Carpenter,Green,97
Calhoun,Attorney General,Dustin McDaniel,Democratic,1155
Calhoun,Attorney General,Gunner DeLay,Republican,492
Calhoun,Attorney General,Rebekah Kennedy,Green,79
Calhoun,Governor,Mike Beebe,Democratic,1001
Calhoun,Governor,Asa Hutchinson,Republican,635
Calhoun,Governor,Rod Bryan,Independent,67
Calhoun,Governor,Jim Lendall,Green,51
Calhoun,Governor,Michael Jones,Write-In,0
Calhoun,Governor,Gene Mason,Write-In,0
Calhoun,Land Commissioner,Mark Wilcox,Democratic,1463
Calhoun,Land Commissioner,Robert David Lewis,Green,203
Calhoun,Lieutenant Governor,Bill Halter,Democratic,1101
Calhoun,Lieutenant Governor,Jim Holt,Republican,622
Calhoun,Secretary of State,Charlie Daniels,Democratic,1214
Calhoun,Secretary of State,Jim Lagrone,Republican,486
Calhoun,Secretary of State,"Ralph ""Marty"" Scully",Green,32
Calhoun,State Auditor,Auditor of State Jim Wood,Democratic,1481
Calhoun,State Auditor,Michael Joseph Bolzenius,Green,182
Calhoun,State Treasurer,Martha Shoffner,Democratic,1183
Calhoun,State Treasurer,Chris Morris,Republican,457
Calhoun,State Treasurer,Brock Carpenter,Green,74
Carroll,Attorney General,Dustin McDaniel,Democratic,3800
Carroll,Attorney General,Gunner DeLay,Republican,3636
Carroll,Attorney General,Rebekah Kennedy,Green,618
Carroll,Governor,Asa Hutchinson,Republican,3978
Carroll,Governor,Mike Beebe,Democratic,3881
Carroll,Governor,Jim Lendall,Green,250
Carroll,Governor,Rod Bryan,Independent,134
Carroll,Governor,Michael Jones,Write-In,0
Carroll,Governor,Gene Mason,Write-In,0
Carroll,Land Commissioner,Mark Wilcox,Democratic,5508
Carroll,Land Commissioner,Robert David Lewis,Green,1844
Carroll,Lieutenant Governor,Jim Holt,Republican,4254
Carroll,Lieutenant Governor,Bill Halter,Democratic,3899
Carroll,Secretary of State,Charlie Daniels,Democratic,4459
Carroll,Secretary of State,Jim Lagrone,Republican,3210
Carroll,Secretary of State,"Ralph ""Marty"" Scully",Green,433
Carroll,State Auditor,Auditor of State Jim Wood,Democratic,5775
Carroll,State Auditor,Michael Joseph Bolzenius,Green,1537
Carroll,State Treasurer,Martha Shoffner,Democratic,3900
Carroll,State Treasurer,Chris Morris,Republican,3605
Carroll,State Treasurer,Brock Carpenter,Green,516
Chicot,Attorney General,Dustin McDaniel,Democratic,2655
Chicot,Attorney General,Gunner DeLay,Republican,686
Chicot,Attorney General,Rebekah Kennedy,Green,91
Chicot,Governor,Mike Beebe,Democratic,2570
Chicot,Governor,Asa Hutchinson,Republican,791
Chicot,Governor,Rod Bryan,Independent,51
Chicot,Governor,Jim Lendall,Green,28
Chicot,Governor,Michael Jones,Write-In,0
Chicot,Governor,Gene Mason,Write-In,0
Chicot,Land Commissioner,Mark Wilcox,Democratic,3121
Chicot,Land Commissioner,Robert David Lewis,Green,235
Chicot,Lieutenant Governor,Bill Halter,Democratic,2580
Chicot,Lieutenant Governor,Jim Holt,Republican,891
Chicot,Secretary of State,Charlie Daniels,Democratic,2730
Chicot,Secretary of State,Jim Lagrone,Republican,657
Chicot,Secretary of State,"Ralph ""Marty"" Scully",Green,62
Chicot,State Auditor,Auditor of State Jim Wood,Democratic,3139
Chicot,State Auditor,Michael Joseph Bolzenius,Green,228
Chicot,State Treasurer,Martha Shoffner,Democratic,2709
Chicot,State Treasurer,Chris Morris,Republican,647
Chicot,State Treasurer,Brock Carpenter,Green,77
Clark,Attorney General,Dustin McDaniel,Democratic,4478
Clark,Attorney General,Gunner DeLay,Republican,1657
Clark,Attorney General,Rebekah Kennedy,Green,232
Clark,Governor,Mike Beebe,Democratic,4162
Clark,Governor,Asa Hutchinson,Republican,2024
Clark,Governor,Jim Lendall,Green,141
Clark,Governor,Rod Bryan,Independent,119
Clark,Governor,Michael Jones,Write-In,0
Clark,Governor,Gene Mason,Write-In,0
Clark,Land Commissioner,Mark Wilcox,Democratic,5483
Clark,Land Commissioner,Robert David Lewis,Green,574
Clark,Lieutenant Governor,Bill Halter,Democratic,4408
Clark,Lieutenant Governor,Jim Holt,Republican,1969
Clark,Secretary of State,Charlie Daniels,Democratic,4535
Clark,Secretary of State,Jim Lagrone,Republican,1641
Clark,Secretary of State,"Ralph ""Marty"" Scully",Green,199
Clark,State Auditor,Auditor of State Jim Wood,Democratic,5512
Clark,State Auditor,Michael Joseph Bolzenius,Green,567
Clark,State Treasurer,Martha Shoffner,Democratic,4520
Clark,State Treasurer,Chris Morris,Republican,1578
Clark,State Treasurer,Brock Carpenter,Green,228
Clay,Attorney General,Dustin McDaniel,Democratic,3254
Clay,Attorney General,Gunner DeLay,Republican,896
Clay,Attorney General,Rebekah Kennedy,Green,133
Clay,Governor,Mike Beebe,Democratic,3010
Clay,Governor,Asa Hutchinson,Republican,1137
Clay,Governor,Rod Bryan,Independent,142
Clay,Governor,Jim Lendall,Green,88
Clay,Governor,Michael Jones,Write-In,0
Clay,Governor,Gene Mason,Write-In,0
Clay,Land Commissioner,Mark Wilcox,Democratic,3509
Clay,Land Commissioner,Robert David Lewis,Green,497
Clay,Lieutenant Governor,Bill Halter,Democratic,3034
Clay,Lieutenant Governor,Jim Holt,Republican,1289
Clay,Secretary of State,Charlie Daniels,Democratic,3293
Clay,Secretary of State,Jim Lagrone,Republican,896
Clay,Secretary of State,"Ralph ""Marty"" Scully",Green,106
Clay,State Auditor,Auditor of State Jim Wood,Democratic,3636
Clay,State Auditor,Michael Joseph Bolzenius,Green,422
Clay,State Treasurer,Martha Shoffner,Democratic,3001
Clay,State Treasurer,Chris Morris,Republican,1076
Clay,State Treasurer,Brock Carpenter,Green,159
Cleburne,Attorney General,Dustin McDaniel,Democratic,5143
Cleburne,Attorney General,Gunner DeLay,Republican,3931
Cleburne,Attorney General,Rebekah Kennedy,Green,457
Cleburne,Governor,Mike Beebe,Democratic,4881
Cleburne,Governor,Asa Hutchinson,Republican,4370
Cleburne,Governor,Rod Bryan,Independent,217
Cleburne,Governor,Jim Lendall,Green,149
Cleburne,Governor,Michael Jones,Write-In,1
Cleburne,Governor,Gene Mason,Write-In,0
Cleburne,Land Commissioner,Mark Wilcox,Democratic,7010
Cleburne,Land Commissioner,Robert David Lewis,Green,1549
Cleburne,Lieutenant Governor,Bill Halter,Democratic,5141
Cleburne,Lieutenant Governor,Jim Holt,Republican,4431
Cleburne,Secretary of State,Charlie Daniels,Democratic,5643
Cleburne,Secretary of State,Jim Lagrone,Republican,3609
Cleburne,Secretary of State,"Ralph ""Marty"" Scully",Green,296
Cleburne,State Auditor,Auditor of State Jim Wood,Democratic,7354
Cleburne,State Auditor,Michael Joseph Bolzenius,Green,1256
Cleburne,State Treasurer,Martha Shoffner,Democratic,5543
Cleburne,State Treasurer,Chris Morris,Republican,3493
Cleburne,State Treasurer,Brock Carpenter,Green,434
Cleveland,Attorney General,Dustin McDaniel,Democratic,1581
Cleveland,Attorney General,Gunner DeLay,Republican,811
Cleveland,Attorney General,Rebekah Kennedy,Green,89
Cleveland,Governor,Mike Beebe,Democratic,1450
Cleveland,Governor,Asa Hutchinson,Republican,982
Cleveland,Governor,Rod Bryan,Independent,76
Cleveland,Governor,Jim Lendall,Green,59
Cleveland,Governor,Michael Jones,Write-In,0
Cleveland,Governor,Gene Mason,Write-In,0
Cleveland,Land Commissioner,Mark Wilcox,Democratic,2110
Cleveland,Land Commissioner,Robert David Lewis,Green,259
Cleveland,Lieutenant Governor,Bill Halter,Democratic,1608
Cleveland,Lieutenant Governor,Jim Holt,Republican,913
Cleveland,Secretary of State,Charlie Daniels,Democratic,1748
Cleveland,Secretary of State,Jim Lagrone,Republican,682
Cleveland,Secretary of State,"Ralph ""Marty"" Scully",Green,87
Cleveland,State Auditor,Auditor of State Jim Wood,Democratic,2122
Cleveland,State Auditor,Michael Joseph Bolzenius,Green,255
Cleveland,State Treasurer,Martha Shoffner,Democratic,1727
Cleveland,State Treasurer,Chris Morris,Republican,698
Cleveland,State Treasurer,Brock Carpenter,Green,66
Columbia,Attorney General,Dustin McDaniel,Democratic,2973
Columbia,Attorney General,Gunner DeLay,Republican,2434
Columbia,Attorney General,Rebekah Kennedy,Green,190
Columbia,Governor,Mike Beebe,Democratic,3379
Columbia,Governor,Asa Hutchinson,Republican,2549
Columbia,Governor,Rod Bryan,Independent,68
Columbia,Governor,Jim Lendall,Green,45
Columbia,Governor,Michael Jones,Write-In,0
Columbia,Governor,Gene Mason,Write-In,0
Columbia,Land Commissioner,Mark Wilcox,Democratic,4319
Columbia,Land Commissioner,Robert David Lewis,Green,923
Columbia,Lieutenant Governor,Bill Halter,Democratic,3104
Columbia,Lieutenant Governor,Jim Holt,Republican,2769
Columbia,Secretary of State,Charlie Daniels,Democratic,3562
Columbia,Secretary of State,Jim Lagrone,Republican,2069
Columbia,Secretary of State,"Ralph ""Marty"" Scully",Green,178
Columbia,State Auditor,Auditor of State Jim Wood,Democratic,4585
Columbia,State Auditor,Michael Joseph Bolzenius,Green,657
Columbia,State Treasurer,Martha Shoffner,Democratic,3380
Columbia,State Treasurer,Chris Morris,Republican,2237
Columbia,State Treasurer,Brock Carpenter,Green,138
Conway,Attorney General,Dustin McDaniel,Democratic,4306
Conway,Attorney General,Gunner DeLay,Republican,1899
Conway,Attorney General,Rebekah Kennedy,Green,291
Conway,Governor,Mike Beebe,Democratic,4125
Conway,Governor,Asa Hutchinson,Republican,2268
Conway,Governor,Rod Bryan,Independent,130
Conway,Governor,Jim Lendall,Green,111
Conway,Governor,Michael Jones,Write-In,0
Conway,Governor,Gene Mason,Write-In,0
Conway,Land Commissioner,Mark Wilcox,Democratic,5352
Conway,Land Commissioner,Robert David Lewis,Green,793
Conway,Lieutenant Governor,Bill Halter,Democratic,4470
Conway,Lieutenant Governor,Jim Holt,Republican,2126
Conway,Secretary of State,Charlie Daniels,Democratic,4729
Conway,Secretary of State,Jim Lagrone,Republican,1650
Conway,Secretary of State,"Ralph ""Marty"" Scully",Green,232
Conway,State Auditor,Auditor of State Jim Wood,Democratic,5442
Conway,State Auditor,Michael Joseph Bolzenius,Green,704
Conway,State Treasurer,Martha Shoffner,Democratic,4619
Conway,State Treasurer,Chris Morris,Republican,1660
Conway,State Treasurer,Brock Carpenter,Green,218
Craighead,Attorney General,Dustin McDaniel,Democratic,14547
Craighead,Attorney General,Gunner DeLay,Republican,5639
Craighead,Attorney General,Rebekah Kennedy,Green,525
Craighead,Governor,Mike Beebe,Democratic,12753
Craighead,Governor,Asa Hutchinson,Republican,7696
Craighead,Governor,Rod Bryan,Independent,267
Craighead,Governor,Jim Lendall,Green,149
Craighead,Governor,Gene Mason,Write-In,6
Craighead,Governor,Michael Jones,Write-In,5
Craighead,Land Commissioner,Mark Wilcox,Democratic,15938
Craighead,Land Commissioner,Robert David Lewis,Green,2940
Craighead,Lieutenant Governor,Bill Halter,Democratic,11826
Craighead,Lieutenant Governor,Jim Holt,Republican,8772
Craighead,Secretary of State,Charlie Daniels,Democratic,13128
Craighead,Secretary of State,Jim Lagrone,Republican,6907
Craighead,Secretary of State,"Ralph ""Marty"" Scully",Green,453
Craighead,State Auditor,Auditor of State Jim Wood,Democratic,16799
Craighead,State Auditor,Michael Joseph Bolzenius,Green,2438
Craighead,State Treasurer,Martha Shoffner,Democratic,13099
Craighead,State Treasurer,Chris Morris,Republican,6709
Craighead,State Treasurer,Brock Carpenter,Green,509
Crawford,Attorney General,Gunner DeLay,Republican,8017
Crawford,Attorney General,Dustin McDaniel,Democratic,7002
Crawford,Attorney General,Rebekah Kennedy,Green,781
Crawford,Governor,Asa Hutchinson,Republican,8139
Crawford,Governor,Mike Beebe,Democratic,7249
Crawford,Governor,Rod Bryan,Independent,344
Crawford,Governor,Jim Lendall,Green,260
Crawford,Governor,Michael Jones,Write-In,0
Crawford,Governor,Gene Mason,Write-In,0
Crawford,Land Commissioner,Mark Wilcox,Democratic,10724
Crawford,Land Commissioner,Robert David Lewis,Green,3139
Crawford,Lieutenant Governor,Jim Holt,Republican,8389
Crawford,Lieutenant Governor,Bill Halter,Democratic,7511
Crawford,Secretary of State,Charlie Daniels,Democratic,8661
Crawford,Secretary of State,Jim Lagrone,Republican,6667
Crawford,Secretary of State,"Ralph ""Marty"" Scully",Green,385
Crawford,State Auditor,Auditor of State Jim Wood,Democratic,11214
Crawford,State Auditor,Michael Joseph Bolzenius,Green,2763
Crawford,State Treasurer,Martha Shoffner,Democratic,7639
Crawford,State Treasurer,Chris Morris,Republican,7165
Crawford,State Treasurer,Brock Carpenter,Green,679
Crittenden,Attorney General,Dustin McDaniel,Democratic,10413
Crittenden,Attorney General,Gunner DeLay,Republican,4732
Crittenden,Attorney General,Rebekah Kennedy,Green,627
Crittenden,Governor,Mike Beebe,Democratic,13246
Crittenden,Governor,Asa Hutchinson,Republican,5023
Crittenden,Governor,Jim Lendall,Green,180
Crittenden,Governor,Rod Bryan,Independent,148
Crittenden,Governor,Michael Jones,Write-In,0
Crittenden,Governor,Gene Mason,Write-In,0
Crittenden,Land Commissioner,Mark Wilcox,Democratic,12402
Crittenden,Land Commissioner,Robert David Lewis,Green,2362
Crittenden,Lieutenant Governor,Bill Halter,Democratic,8808
Crittenden,Lieutenant Governor,Jim Holt,Republican,7021
Crittenden,Secretary of State,Charlie Daniels,Democratic,11017
Crittenden,Secretary of State,Jim Lagrone,Republican,4498
Crittenden,Secretary of State,"Ralph ""Marty"" Scully",Green,314
Crittenden,State Auditor,Auditor of State Jim Wood,Democratic,13592
Crittenden,State Auditor,Michael Joseph Bolzenius,Green,1456
Crittenden,State Treasurer,Martha Shoffner,Democratic,10366
Crittenden,State Treasurer,Chris Morris,Republican,4832
Crittenden,State Treasurer,Brock Carpenter,Green,422
Cross,Attorney General,Dustin McDaniel,Democratic,3442
Cross,Attorney General,Gunner DeLay,Republican,1576
Cross,Attorney General,Rebekah Kennedy,Green,221
Cross,Governor,Mike Beebe,Democratic,3331
Cross,Governor,Asa Hutchinson,Republican,1819
Cross,Governor,Rod Bryan,Independent,138
Cross,Governor,Jim Lendall,Green,105
Cross,Governor,Michael Jones,Write-In,2
Cross,Governor,Gene Mason,Write-In,0
Cross,Land Commissioner,Mark Wilcox,Democratic,4188
Cross,Land Commissioner,Robert David Lewis,Green,741
Cross,Lieutenant Governor,Bill Halter,Democratic,3116
Cross,Lieutenant Governor,Jim Holt,Republican,2175
Cross,Secretary of State,Charlie Daniels,Democratic,3717
Cross,Secretary of State,Jim Lagrone,Republican,1426
Cross,Secretary of State,"Ralph ""Marty"" Scully",Green,127
Cross,State Auditor,Auditor of State Jim Wood,Democratic,4572
Cross,State Auditor,Michael Joseph Bolzenius,Green,485
Cross,State Treasurer,Martha Shoffner,Democratic,3372
Cross,State Treasurer,Chris Morris,Republican,1665
Cross,State Treasurer,Brock Carpenter,Green,190
Dallas,Attorney General,Dustin McDaniel,Democratic,1954
Dallas,Attorney General,Gunner DeLay,Republican,747
Dallas,Attorney General,Rebekah Kennedy,Green,71
Dallas,Governor,Mike Beebe,Democratic,1774
Dallas,Governor,Asa Hutchinson,Republican,975
Dallas,Governor,Rod Bryan,Independent,36
Dallas,Governor,Jim Lendall,Green,36
Dallas,Governor,Michael Jones,Write-In,0
Dallas,Governor,Gene Mason,Write-In,0
Dallas,Land Commissioner,Mark Wilcox,Democratic,2387
Dallas,Land Commissioner,Robert David Lewis,Green,263
Dallas,Lieutenant Governor,Bill Halter,Democratic,1852
Dallas,Lieutenant Governor,Jim Holt,Republican,951
Dallas,Secretary of State,Charlie Daniels,Democratic,2097
Dallas,Secretary of State,Jim Lagrone,Republican,651
Dallas,Secretary of State,"Ralph ""Marty"" Scully",Green,44
Dallas,State Auditor,Auditor of State Jim Wood,Democratic,2480
Dallas,State Auditor,Michael Joseph Bolzenius,Green,188
Dallas,State Treasurer,Martha Shoffner,Democratic,1948
Dallas,State Treasurer,Chris Morris,Republican,736
Dallas,State Treasurer,Brock Carpenter,Green,78
Desha,Attorney General,Dustin McDaniel,Democratic,2606
Desha,Attorney General,Gunner DeLay,Republican,525
Desha,Attorney General,Rebekah Kennedy,Green,87
Desha,Governor,Mike Beebe,Democratic,2516
Desha,Governor,Asa Hutchinson,Republican,703
Desha,Governor,Rod Bryan,Independent,58
Desha,Governor,Jim Lendall,Green,44
Desha,Governor,Michael Jones,Write-In,0
Desha,Governor,Gene Mason,Write-In,0
Desha,Land Commissioner,Mark Wilcox,Democratic,2836
Desha,Land Commissioner,Robert David Lewis,Green,210
Desha,Lieutenant Governor,Bill Halter,Democratic,2571
Desha,Lieutenant Governor,Jim Holt,Republican,668
Desha,Secretary of State,Charlie Daniels,Democratic,2628
Desha,Secretary of State,Jim Lagrone,Republican,556
Desha,Secretary of State,"Ralph ""Marty"" Scully",Green,56
Desha,State Auditor,Auditor of State Jim Wood,Democratic,2905
Desha,State Auditor,Michael Joseph Bolzenius,Green,190
Desha,State Treasurer,Martha Shoffner,Democratic,2634
Desha,State Treasurer,Chris Morris,Republican,501
Desha,State Treasurer,Brock Carpenter,Green,64
Drew,Attorney General,Dustin McDaniel,Democratic,2854
Drew,Attorney General,Gunner DeLay,Republican,1136
Drew,Attorney General,Rebekah Kennedy,Green,118
Drew,Governor,Mike Beebe,Democratic,2556
Drew,Governor,Asa Hutchinson,Republican,1447
Drew,Governor,Rod Bryan,Independent,72
Drew,Governor,Jim Lendall,Green,55
Drew,Governor,Michael Jones,Write-In,0
Drew,Governor,Gene Mason,Write-In,0
Drew,Land Commissioner,Mark Wilcox,Democratic,3500
Drew,Land Commissioner,Robert David Lewis,Green,412
Drew,Lieutenant Governor,Bill Halter,Democratic,2743
Drew,Lieutenant Governor,Jim Holt,Republican,1392
Drew,Secretary of State,Charlie Daniels,Democratic,2947
Drew,Secretary of State,Jim Lagrone,Republican,1098
Drew,Secretary of State,"Ralph ""Marty"" Scully",Green,92
Drew,State Auditor,Auditor of State Jim Wood,Democratic,3567
Drew,State Auditor,Michael Joseph Bolzenius,Green,364
Drew,State Treasurer,Martha Shoffner,Democratic,2833
Drew,State Treasurer,Chris Morris,Republican,1086
Drew,State Treasurer,Brock Carpenter,Green,91
Faulkner,Attorney General,Dustin McDaniel,Democratic,13169
Faulkner,Attorney General,Gunner DeLay,Republican,10143
Faulkner,Attorney General,Rebekah Kennedy,Green,1118
Faulkner,Governor,Mike Beebe,Democratic,12419
Faulkner,Governor,Asa Hutchinson,Republican,11506
Faulkner,Governor,Rod Bryan,Independent,493
Faulkner,Governor,Jim Lendall,Green,465
Faulkner,Governor,Michael Jones,Write-In,0
Faulkner,Governor,Gene Mason,Write-In,0
Faulkner,Land Commissioner,Mark Wilcox,Democratic,19465
Faulkner,Land Commissioner,Robert David Lewis,Green,3278
Faulkner,Lieutenant Governor,Bill Halter,Democratic,13475
Faulkner,Lieutenant Governor,Jim Holt,Republican,11156
Faulkner,Secretary of State,Charlie Daniels,Democratic,13745
Faulkner,Secretary of State,Jim Lagrone,Republican,9857
Faulkner,Secretary of State,"Ralph ""Marty"" Scully",Green,840
Faulkner,State Auditor,Auditor of State Jim Wood,Democratic,18259
Faulkner,State Auditor,Michael Joseph Bolzenius,Green,3441
Faulkner,State Treasurer,Martha Shoffner,Democratic,13271
Faulkner,State Treasurer,Chris Morris,Republican,9831
Faulkner,State Treasurer,Brock Carpenter,Green,1041
Franklin,Attorney General,Dustin McDaniel,Democratic,2902
Franklin,Attorney General,Gunner DeLay,Republican,2346
Franklin,Attorney General,Rebekah Kennedy,Green,229
Franklin,Governor,Mike Beebe,Democratic,2908
Franklin,Governor,Asa Hutchinson,Republican,2452
Franklin,Governor,Rod Bryan,Independent,99
Franklin,Governor,Jim Lendall,Green,66
Franklin,Governor,Gene Mason,Write-In,1
Franklin,Governor,Michael Jones,Write-In,0
Franklin,Land Commissioner,Mark Wilcox,Democratic,4652
Franklin,Land Commissioner,Robert David Lewis,Green,839
Franklin,Lieutenant Governor,Bill Halter,Democratic,2984
Franklin,Lieutenant Governor,Jim Holt,Republican,2523
Franklin,Secretary of State,Charlie Daniels,Democratic,3581
Franklin,Secretary of State,Jim Lagrone,Republican,1761
Franklin,Secretary of State,"Ralph ""Marty"" Scully",Green,149
Franklin,State Auditor,Auditor of State Jim Wood,Democratic,4443
Franklin,State Auditor,Michael Joseph Bolzenius,Green,701
Franklin,State Treasurer,Martha Shoffner,Democratic,3085
Franklin,State Treasurer,Chris Morris,Republican,2078
Franklin,State Treasurer,Brock Carpenter,Green,284
Fulton,Attorney General,Dustin McDaniel,Democratic,2161
Fulton,Attorney General,Gunner DeLay,Republican,984
Fulton,Attorney General,Rebekah Kennedy,Green,141
Fulton,Governor,Mike Beebe,Democratic,2002
Fulton,Governor,Asa Hutchinson,Republican,1199
Fulton,Governor,Rod Bryan,Independent,105
Fulton,Governor,Jim Lendall,Green,59
Fulton,Governor,Michael Jones,Write-In,0
Fulton,Governor,Gene Mason,Write-In,0
Fulton,Land Commissioner,Mark Wilcox,Democratic,2556
Fulton,Land Commissioner,Robert David Lewis,Green,482
Fulton,Lieutenant Governor,Bill Halter,Democratic,1998
Fulton,Lieutenant Governor,Jim Holt,Republican,1306
Fulton,Secretary of State,Charlie Daniels,Democratic,2261
Fulton,Secretary of State,Jim Lagrone,Republican,934
Fulton,Secretary of State,"Ralph ""Marty"" Scully",Green,102
Fulton,State Auditor,Auditor of State Jim Wood,Democratic,2586
Fulton,State Auditor,Michael Joseph Bolzenius,Green,451
Fulton,State Treasurer,Martha Shoffner,Democratic,2122
Fulton,State Treasurer,Chris Morris,Republican,1000
Fulton,State Treasurer,Brock Carpenter,Green,145
Garland,Attorney General,Dustin McDaniel,Democratic,16045
Garland,Attorney General,Gunner DeLay,Republican,11696
Garland,Attorney General,Rebekah Kennedy,Green,1269
Garland,Governor,Mike Beebe,Democratic,15482
Garland,Governor,Asa Hutchinson,Republican,12530
Garland,Governor,Rod Bryan,Independent,837
Garland,Governor,Jim Lendall,Green,733
Garland,Governor,Michael Jones,Write-In,0
Garland,Governor,Gene Mason,Write-In,0
Garland,Land Commissioner,Mark Wilcox,Democratic,21017
Garland,Land Commissioner,Robert David Lewis,Green,4954
Garland,Lieutenant Governor,Bill Halter,Democratic,16465
Garland,Lieutenant Governor,Jim Holt,Republican,12533
Garland,Secretary of State,Charlie Daniels,Democratic,17121
Garland,Secretary of State,Jim Lagrone,Republican,10938
Garland,Secretary of State,"Ralph ""Marty"" Scully",Green,1025
Garland,State Auditor,Auditor of State Jim Wood,Democratic,21589
Garland,State Auditor,Michael Joseph Bolzenius,Green,4729
Garland,State Treasurer,Martha Shoffner,Democratic,16788
Garland,State Treasurer,Chris Morris,Republican,11873
Garland,State Treasurer,Brock Carpenter,Green,1088
Grant,Attorney General,Dustin McDaniel,Democratic,3054
Grant,Attorney General,Gunner DeLay,Republican,1861
Grant,Attorney General,Rebekah Kennedy,Green,211
Grant,Governor,Mike Beebe,Democratic,2798
Grant,Governor,Asa Hutchinson,Republican,2186
Grant,Governor,Rod Bryan,Independent,134
Grant,Governor,Jim Lendall,Green,65
Grant,Governor,Michael Jones,Write-In,0
Grant,Governor,Gene Mason,Write-In,0
Grant,Land Commissioner,Mark Wilcox,Democratic,4065
Grant,Land Commissioner,Robert David Lewis,Green,785
Grant,Lieutenant Governor,Bill Halter,Democratic,3066
Grant,Lieutenant Governor,Jim Holt,Republican,2092
Grant,Secretary of State,Charlie Daniels,Democratic,3319
Grant,Secretary of State,Jim Lagrone,Republican,1697
Grant,Secretary of State,"Ralph ""Marty"" Scully",Green,128
Grant,State Auditor,Auditor of State Jim Wood,Democratic,4346
Grant,State Auditor,Michael Joseph Bolzenius,Green,547
Grant,State Treasurer,Martha Shoffner,Democratic,3209
Grant,State Treasurer,Chris Morris,Republican,1737
Grant,State Treasurer,Brock Carpenter,Green,146
Greene,Attorney General,Dustin McDaniel,Democratic,6620
Greene,Attorney General,Gunner DeLay,Republican,2263
Greene,Attorney General,Rebekah Kennedy,Green,296
Greene,Governor,Mike Beebe,Democratic,5724
Greene,Governor,Asa Hutchinson,Republican,3283
Greene,Governor,Rod Bryan,Independent,117
Greene,Governor,Jim Lendall,Green,79
Greene,Governor,Michael Jones,Write-In,0
Greene,Governor,Gene Mason,Write-In,0
Greene,Land Commissioner,Mark Wilcox,Democratic,7191
Greene,Land Commissioner,Robert David Lewis,Green,1288
Greene,Lieutenant Governor,Bill Halter,Democratic,5535
Greene,Lieutenant Governor,Jim Holt,Republican,3533
Greene,Secretary of State,Charlie Daniels,Democratic,6233
Greene,Secretary of State,Jim Lagrone,Republican,2571
Greene,Secretary of State,"Ralph ""Marty"" Scully",Green,325
Greene,State Auditor,Auditor of State Jim Wood,Democratic,6535
Greene,State Auditor,Michael Joseph Bolzenius,Green,2451
Greene,State Treasurer,Martha Shoffner,Democratic,6042
Greene,State Treasurer,Chris Morris,Republican,2646
Greene,State Treasurer,Brock Carpenter,Green,344
Hempstead,Attorney General,Dustin McDaniel,Democratic,3285
Hempstead,Attorney General,Gunner DeLay,Republican,1372
Hempstead,Attorney General,Rebekah Kennedy,Green,188
Hempstead,Governor,Mike Beebe,Democratic,3212
Hempstead,Governor,Asa Hutchinson,Republican,1566
Hempstead,Governor,Rod Bryan,Independent,65
Hempstead,Governor,Jim Lendall,Green,48
Hempstead,Governor,Michael Jones,Write-In,4
Hempstead,Governor,Gene Mason,Write-In,1
Hempstead,Land Commissioner,Mark Wilcox,Democratic,4145
Hempstead,Land Commissioner,Robert David Lewis,Green,530
Hempstead,Lieutenant Governor,Bill Halter,Democratic,3071
Hempstead,Lieutenant Governor,Jim Holt,Republican,1779
Hempstead,Secretary of State,Charlie Daniels,Democratic,3436
Hempstead,Secretary of State,Jim Lagrone,Republican,1330
Hempstead,Secretary of State,"Ralph ""Marty"" Scully",Green,100
Hempstead,State Auditor,Auditor of State Jim Wood,Democratic,4305
Hempstead,State Auditor,Michael Joseph Bolzenius,Green,394
Hempstead,State Treasurer,Martha Shoffner,Democratic,3216
Hempstead,State Treasurer,Chris Morris,Republican,1483
Hempstead,State Treasurer,Brock Carpenter,Green,147
Hot Spring,Attorney General,Dustin McDaniel,Democratic,5556
Hot Spring,Attorney General,Gunner DeLay,Republican,2580
Hot Spring,Attorney General,Rebekah Kennedy,Green,372
Hot Spring,Governor,Mike Beebe,Democratic,5312
Hot Spring,Governor,Asa Hutchinson,Republican,3012
Hot Spring,Governor,Rod Bryan,Independent,184
Hot Spring,Governor,Jim Lendall,Green,140
Hot Spring,Governor,Michael Jones,Write-In,0
Hot Spring,Governor,Gene Mason,Write-In,0
Hot Spring,Land Commissioner,Mark Wilcox,Democratic,5726
Hot Spring,Land Commissioner,Robert David Lewis,Green,2293
Hot Spring,Lieutenant Governor,Bill Halter,Democratic,5704
Hot Spring,Lieutenant Governor,Jim Holt,Republican,2865
Hot Spring,Secretary of State,Charlie Daniels,Democratic,6096
Hot Spring,Secretary of State,Jim Lagrone,Republican,2225
Hot Spring,Secretary of State,"Ralph ""Marty"" Scully",Green,254
Hot Spring,State Auditor,Auditor of State Jim Wood,Democratic,7113
Hot Spring,State Auditor,Michael Joseph Bolzenius,Green,984
Hot Spring,State Treasurer,Martha Shoffner,Democratic,5849
Hot Spring,State Treasurer,Chris Morris,Republican,2326
Hot Spring,State Treasurer,Brock Carpenter,Green,340
Howard,Attorney General,Dustin McDaniel,Democratic,2195
Howard,Attorney General,Gunner DeLay,Republican,895
Howard,Attorney General,Rebekah Kennedy,Green,117
Howard,Governor,Mike Beebe,Democratic,2090
Howard,Governor,Asa Hutchinson,Republican,1057
Howard,Governor,Rod Bryan,Independent,65
Howard,Governor,Jim Lendall,Green,43
Howard,Governor,Michael Jones,Write-In,0
Howard,Governor,Gene Mason,Write-In,0
Howard,Land Commissioner,Mark Wilcox,Democratic,2693
Howard,Land Commissioner,Robert David Lewis,Green,350
Howard,Lieutenant Governor,Bill Halter,Democratic,1990
Howard,Lieutenant Governor,Jim Holt,Republican,1235
Howard,Secretary of State,Charlie Daniels,Democratic,2254
Howard,Secretary of State,Jim Lagrone,Republican,911
Howard,Secretary of State,"Ralph ""Marty"" Scully",Green,56
Howard,State Auditor,Auditor of State Jim Wood,Democratic,2795
Howard,State Auditor,Michael Joseph Bolzenius,Green,291
Howard,State Treasurer,Martha Shoffner,Democratic,2172
Howard,State Treasurer,Chris Morris,Republican,954
Howard,State Treasurer,Brock Carpenter,Green,83
Independence,Attorney General,Dustin McDaniel,Democratic,6312
Independence,Attorney General,Gunner DeLay,Republican,3112
Independence,Attorney General,Rebekah Kennedy,Green,386
Independence,Governor,Mike Beebe,Democratic,5608
Independence,Governor,Asa Hutchinson,Republican,3934
Independence,Governor,Rod Bryan,Independent,271
Independence,Governor,Jim Lendall,Green,189
Independence,Governor,Michael Jones,Write-In,0
Independence,Governor,Gene Mason,Write-In,0
Independence,Land Commissioner,Mark Wilcox,Democratic,7881
Independence,Land Commissioner,Robert David Lewis,Green,1281
Independence,Lieutenant Governor,Bill Halter,Democratic,5897
Independence,Lieutenant Governor,Jim Holt,Republican,3940
Independence,Secretary of State,Charlie Daniels,Democratic,6684
Independence,Secretary of State,Jim Lagrone,Republican,2877
Independence,Secretary of State,"Ralph ""Marty"" Scully",Green,303
Independence,State Auditor,Auditor of State Jim Wood,Democratic,8043
Independence,State Auditor,Michael Joseph Bolzenius,Green,1215
Independence,State Treasurer,Martha Shoffner,Democratic,6922
Independence,State Treasurer,Chris Morris,Republican,2660
Independence,State Treasurer,Brock Carpenter,Green,264
Izard,Attorney General,Dustin McDaniel,Democratic,2563
Izard,Attorney General,Gunner DeLay,Republican,1249
Izard,Attorney General,Rebekah Kennedy,Green,256
Izard,Governor,Mike Beebe,Democratic,2412
Izard,Governor,Asa Hutchinson,Republican,1534
Izard,Governor,Rod Bryan,Independent,113
Izard,Governor,Jim Lendall,Green,96
Izard,Governor,Michael Jones,Write-In,0
Izard,Governor,Gene Mason,Write-In,0
Izard,Land Commissioner,Mark Wilcox,Democratic,3162
Izard,Land Commissioner,Robert David Lewis,Green,632
Izard,Lieutenant Governor,Bill Halter,Democratic,2439
Izard,Lieutenant Governor,Jim Holt,Republican,1674
Izard,Secretary of State,Charlie Daniels,Democratic,2714
Izard,Secretary of State,Jim Lagrone,Republican,1213
Izard,Secretary of State,"Ralph ""Marty"" Scully",Green,163
Izard,State Auditor,Auditor of State Jim Wood,Democratic,3262
Izard,State Auditor,Michael Joseph Bolzenius,Green,596
Izard,State Treasurer,Martha Shoffner,Democratic,2564
Izard,State Treasurer,Chris Morris,Republican,1319
Izard,State Treasurer,Brock Carpenter,Green,186
Jackson,Attorney General,Dustin McDaniel,Democratic,3546
Jackson,Attorney General,Gunner DeLay,Republican,790
Jackson,Attorney General,Rebekah Kennedy,Green,158
Jackson,Governor,Mike Beebe,Democratic,3189
Jackson,Governor,Asa Hutchinson,Republican,1036
Jackson,Governor,Rod Bryan,Independent,209
Jackson,Governor,Jim Lendall,Green,116
Jackson,Governor,Michael Jones,Write-In,0
Jackson,Governor,Gene Mason,Write-In,0
Jackson,Land Commissioner,Mark Wilcox,Democratic,3787
Jackson,Land Commissioner,Robert David Lewis,Green,440
Jackson,Lieutenant Governor,Bill Halter,Democratic,3249
Jackson,Lieutenant Governor,Jim Holt,Republican,1231
Jackson,Secretary of State,Charlie Daniels,Democratic,3517
Jackson,Secretary of State,Jim Lagrone,Republican,849
Jackson,Secretary of State,"Ralph ""Marty"" Scully",Green,106
Jackson,State Auditor,Auditor of State Jim Wood,Democratic,4059
Jackson,State Auditor,Michael Joseph Bolzenius,Green,358
Jackson,State Treasurer,Martha Shoffner,Democratic,3818
Jackson,State Treasurer,Chris Morris,Republican,700
Jackson,State Treasurer,Brock Carpenter,Green,0
Jefferson,Attorney General,Dustin McDaniel,Democratic,15205
Jefferson,Attorney General,Gunner DeLay,Republican,4034
Jefferson,Attorney General,Rebekah Kennedy,Green,625
Jefferson,Governor,Mike Beebe,Democratic,14659
Jefferson,Governor,Asa Hutchinson,Republican,4955
Jefferson,Governor,Jim Lendall,Green,311
Jefferson,Governor,Rod Bryan,Independent,306
Jefferson,Governor,Michael Jones,Write-In,0
Jefferson,Governor,Gene Mason,Write-In,0
Jefferson,Land Commissioner,Mark Wilcox,Democratic,17281
Jefferson,Land Commissioner,Robert David Lewis,Green,1600
Jefferson,Lieutenant Governor,Bill Halter,Democratic,14676
Jefferson,Lieutenant Governor,Jim Holt,Republican,5349
Jefferson,Secretary of State,Charlie Daniels,Democratic,15487
Jefferson,Secretary of State,Jim Lagrone,Republican,4003
Jefferson,Secretary of State,"Ralph ""Marty"" Scully",Green,364
Jefferson,State Auditor,Auditor of State Jim Wood,Democratic,17026
Jefferson,State Auditor,Michael Joseph Bolzenius,Green,1913
Jefferson,State Treasurer,Martha Shoffner,Democratic,15297
Jefferson,State Treasurer,Chris Morris,Republican,3980
Jefferson,State Treasurer,Brock Carpenter,Green,457
Johnson,Attorney General,Dustin McDaniel,Democratic,3518
Johnson,Attorney General,Gunner DeLay,Republican,2287
Johnson,Attorney General,Rebekah Kennedy,Green,268
Johnson,Governor,Mike Beebe,Democratic,3372
Johnson,Governor,Asa Hutchinson,Republican,2410
Johnson,Governor,Rod Bryan,Independent,246
Johnson,Governor,Jim Lendall,Green,106
Johnson,Governor,Michael Jones,Write-In,0
Johnson,Governor,Gene Mason,Write-In,0
Johnson,Land Commissioner,Mark Wilcox,Democratic,4544
Johnson,Land Commissioner,Robert David Lewis,Green,1030
Johnson,Lieutenant Governor,Bill Halter,Democratic,3583
Johnson,Lieutenant Governor,Jim Holt,Republican,2376
Johnson,Secretary of State,Charlie Daniels,Democratic,3977
Johnson,Secretary of State,Jim Lagrone,Republican,1936
Johnson,Secretary of State,"Ralph ""Marty"" Scully",Green,177
Johnson,State Auditor,Auditor of State Jim Wood,Democratic,4810
Johnson,State Auditor,Michael Joseph Bolzenius,Green,757
Johnson,State Treasurer,Martha Shoffner,Democratic,3414
Johnson,State Treasurer,Chris Morris,Republican,2112
Johnson,State Treasurer,Brock Carpenter,Green,335
Lafayette,Attorney General,Dustin McDaniel,Democratic,1642
Lafayette,Attorney General,Gunner DeLay,Republican,735
Lafayette,Attorney General,Rebekah Kennedy,Green,90
Lafayette,Governor,Mike Beebe,Democratic,1684
Lafayette,Governor,Asa Hutchinson,Republican,741
Lafayette,Governor,Rod Bryan,Independent,69
Lafayette,Governor,Jim Lendall,Green,34
Lafayette,Governor,Michael Jones,Write-In,0
Lafayette,Governor,Gene Mason,Write-In,0
Lafayette,Land Commissioner,Mark Wilcox,Democratic,2125
Lafayette,Land Commissioner,Robert David Lewis,Green,259
Lafayette,Lieutenant Governor,Bill Halter,Democratic,1586
Lafayette,Lieutenant Governor,Jim Holt,Republican,895
Lafayette,Secretary of State,Charlie Daniels,Democratic,1780
Lafayette,Secretary of State,Jim Lagrone,Republican,675
Lafayette,Secretary of State,"Ralph ""Marty"" Scully",Green,44
Lafayette,State Auditor,Auditor of State Jim Wood,Democratic,2160
Lafayette,State Auditor,Michael Joseph Bolzenius,Green,213
Lafayette,State Treasurer,Martha Shoffner,Democratic,1657
Lafayette,State Treasurer,Chris Morris,Republican,732
Lafayette,State Treasurer,Brock Carpenter,Green,78
Lawrence,Attorney General,Dustin McDaniel,Democratic,3694
Lawrence,Attorney General,Gunner DeLay,Republican,924
Lawrence,Attorney General,Rebekah Kennedy,Green,199
Lawrence,Governor,Mike Beebe,Democratic,3227
Lawrence,Governor,Asa Hutchinson,Republican,1400
Lawrence,Governor,Rod Bryan,Independent,139
Lawrence,Governor,Jim Lendall,Green,70
Lawrence,Governor,Michael Jones,Write-In,0
Lawrence,Governor,Gene Mason,Write-In,0
Lawrence,Land Commissioner,Mark Wilcox,Democratic,3936
Lawrence,Land Commissioner,Robert David Lewis,Green,637
Lawrence,Lieutenant Governor,Bill Halter,Democratic,3176
Lawrence,Lieutenant Governor,Jim Holt,Republican,1582
Lawrence,Secretary of State,Charlie Daniels,Democratic,3606
Lawrence,Secretary of State,Jim Lagrone,Republican,1028
Lawrence,Secretary of State,"Ralph ""Marty"" Scully",Green,149
Lawrence,State Auditor,Auditor of State Jim Wood,Democratic,4067
Lawrence,State Auditor,Michael Joseph Bolzenius,Green,539
Lawrence,State Treasurer,Martha Shoffner,Democratic,3463
Lawrence,State Treasurer,Chris Morris,Republican,1146
Lawrence,State Treasurer,Brock Carpenter,Green,155
Lee,Attorney General,Dustin McDaniel,Democratic,1951
Lee,Attorney General,Gunner DeLay,Republican,562
Lee,Attorney General,Rebekah Kennedy,Green,345
Lee,Governor,Mike Beebe,Democratic,2233
Lee,Governor,Asa Hutchinson,Republican,621
Lee,Governor,Jim Lendall,Green,50
Lee,Governor,Rod Bryan,Independent,29
Lee,Governor,Michael Jones,Write-In,0
Lee,Governor,Gene Mason,Write-In,0
Lee,Land Commissioner,Mark Wilcox,Democratic,2536
Lee,Land Commissioner,Robert David Lewis,Green,252
Lee,Lieutenant Governor,Bill Halter,Democratic,2192
Lee,Lieutenant Governor,Jim Holt,Republican,700
Lee,Secretary of State,Charlie Daniels,Democratic,2325
Lee,Secretary of State,Jim Lagrone,Republican,489
Lee,Secretary of State,"Ralph ""Marty"" Scully",Green,66
Lee,State Auditor,Auditor of State Jim Wood,Democratic,2601
Lee,State Auditor,Michael Joseph Bolzenius,Green,193
Lee,State Treasurer,Martha Shoffner,Democratic,2278
Lee,State Treasurer,Chris Morris,Republican,519
Lee,State Treasurer,Brock Carpenter,Green,83
Lincoln,Attorney General,Dustin McDaniel,Democratic,2010
Lincoln,Attorney General,Gunner DeLay,Republican,653
Lincoln,Attorney General,Rebekah Kennedy,Green,94
Lincoln,Governor,Mike Beebe,Democratic,1960
Lincoln,Governor,Asa Hutchinson,Republican,757
Lincoln,Governor,Rod Bryan,Independent,52
Lincoln,Governor,Jim Lendall,Green,37
Lincoln,Governor,Michael Jones,Write-In,1
Lincoln,Governor,Gene Mason,Write-In,0
Lincoln,Land Commissioner,Mark Wilcox,Democratic,2439
Lincoln,Land Commissioner,Robert David Lewis,Green,259
Lincoln,Lieutenant Governor,Bill Halter,Democratic,2061
Lincoln,Lieutenant Governor,Jim Holt,Republican,741
Lincoln,Secretary of State,Charlie Daniels,Democratic,2207
Lincoln,Secretary of State,Jim Lagrone,Republican,533
Lincoln,Secretary of State,"Ralph ""Marty"" Scully",Green,38
Lincoln,State Auditor,Auditor of State Jim Wood,Democratic,2468
Lincoln,State Auditor,Michael Joseph Bolzenius,Green,222
Lincoln,State Treasurer,Martha Shoffner,Democratic,2106
Lincoln,State Treasurer,Chris Morris,Republican,605
Lincoln,State Treasurer,Brock Carpenter,Green,64
Little River,Attorney General,Dustin McDaniel,Democratic,2596
Little River,Attorney General,Gunner DeLay,Republican,945
Little River,Attorney General,Rebekah Kennedy,Green,173
Little River,Governor,Mike Beebe,Democratic,2552
Little River,Governor,Asa Hutchinson,Republican,1012
Little River,Governor,Rod Bryan,Independent,119
Little River,Governor,Jim Lendall,Green,94
Little River,Governor,Michael Jones,Write-In,0
Little River,Governor,Gene Mason,Write-In,0
Little River,Land Commissioner,Mark Wilcox,Democratic,3131
Little River,Land Commissioner,Robert David Lewis,Green,370
Little River,Lieutenant Governor,Bill Halter,Democratic,2526
Little River,Lieutenant Governor,Jim Holt,Republican,1176
Little River,Secretary of State,Charlie Daniels,Democratic,2758
Little River,Secretary of State,Jim Lagrone,Republican,886
Little River,Secretary of State,"Ralph ""Marty"" Scully",Green,81
Little River,State Auditor,Auditor of State Jim Wood,Democratic,3138
Little River,State Auditor,Michael Joseph Bolzenius,Green,373
Little River,State Treasurer,Martha Shoffner,Democratic,2570
Little River,State Treasurer,Chris Morris,Republican,967
Little River,State Treasurer,Brock Carpenter,Green,147
Logan,Attorney General,Dustin McDaniel,Democratic,3451
Logan,Attorney General,Gunner DeLay,Republican,2646
Logan,Attorney General,Rebekah Kennedy,Green,349
Logan,Governor,Mike Beebe,Democratic,3525
Logan,Governor,Asa Hutchinson,Republican,2794
Logan,Governor,Rod Bryan,Independent,131
Logan,Governor,Jim Lendall,Green,86
Logan,Governor,Michael Jones,Write-In,2
Logan,Governor,Gene Mason,Write-In,2
Logan,Land Commissioner,Mark Wilcox,Democratic,4990
Logan,Land Commissioner,Robert David Lewis,Green,1090
Logan,Lieutenant Governor,Bill Halter,Democratic,3846
Logan,Lieutenant Governor,Jim Holt,Republican,2627
Logan,Secretary of State,Charlie Daniels,Democratic,4334
Logan,Secretary of State,Jim Lagrone,Republican,1950
Logan,Secretary of State,"Ralph ""Marty"" Scully",Green,191
Logan,State Auditor,Auditor of State Jim Wood,Democratic,5160
Logan,State Auditor,Michael Joseph Bolzenius,Green,962
Logan,State Treasurer,Martha Shoffner,Democratic,3902
Logan,State Treasurer,Chris Morris,Republican,2236
Logan,State Treasurer,Brock Carpenter,Green,281
Lonoke,Attorney General,Dustin McDaniel,Democratic,7909
Lonoke,Attorney General,Gunner DeLay,Republican,7242
Lonoke,Attorney General,Rebekah Kennedy,Green,701
Lonoke,Governor,Asa Hutchinson,Republican,7792
Lonoke,Governor,Mike Beebe,Democratic,7768
Lonoke,Governor,Rod Bryan,Independent,282
Lonoke,Governor,Jim Lendall,Green,223
Lonoke,Governor,Michael Jones,Write-In,0
Lonoke,Governor,Gene Mason,Write-In,0
Lonoke,Land Commissioner,Mark Wilcox,Democratic,11954
Lonoke,Land Commissioner,Robert David Lewis,Green,2860
Lonoke,Lieutenant Governor,Bill Halter,Democratic,8101
Lonoke,Lieutenant Governor,Jim Holt,Republican,7828
Lonoke,Secretary of State,Charlie Daniels,Democratic,8835
Lonoke,Secretary of State,Jim Lagrone,Republican,6685
Lonoke,Secretary of State,"Ralph ""Marty"" Scully",Green,379
Lonoke,State Auditor,Auditor of State Jim Wood,Democratic,12588
Lonoke,State Auditor,Michael Joseph Bolzenius,Green,2387
Lonoke,State Treasurer,Martha Shoffner,Democratic,8588
Lonoke,State Treasurer,Chris Morris,Republican,6536
Lonoke,State Treasurer,Brock Carpenter,Green,593
Madison,Attorney General,Dustin McDaniel,Democratic,2792
Madison,Attorney General,Gunner DeLay,Republican,2296
Madison,Attorney General,Rebekah Kennedy,Green,251
Madison,Governor,Asa Hutchinson,Republican,2650
Madison,Governor,Mike Beebe,Democratic,2587
Madison,Governor,Rod Bryan,Independent,100
Madison,Governor,Jim Lendall,Green,66
Madison,Governor,Michael Jones,Write-In,0
Madison,Governor,Gene Mason,Write-In,0
Madison,Land Commissioner,Mark Wilcox,Democratic,3767
Madison,Land Commissioner,Robert David Lewis,Green,1013
Madison,Lieutenant Governor,Jim Holt,Republican,2741
Madison,Lieutenant Governor,Bill Halter,Democratic,2628
Madison,Secretary of State,Charlie Daniels,Democratic,3127
Madison,Secretary of State,Jim Lagrone,Republican,2023
Madison,Secretary of State,"Ralph ""Marty"" Scully",Green,168
Madison,State Auditor,Auditor of State Jim Wood,Democratic,3948
Madison,State Auditor,Michael Joseph Bolzenius,Green,845
Madison,State Treasurer,Martha Shoffner,Democratic,2775
Madison,State Treasurer,Chris Morris,Republican,2264
Madison,State Treasurer,Brock Carpenter,Green,214
Marion,Attorney General,Dustin McDaniel,Democratic,2745
Marion,Attorney General,Gunner DeLay,Republican,2662
Marion,Attorney General,Rebekah Kennedy,Green,424
Marion,Governor,Asa Hutchinson,Republican,2858
Marion,Governor,Mike Beebe,Democratic,2810
Marion,Governor,Rod Bryan,Independent,218
Marion,Governor,Jim Lendall,Green,163
Marion,Governor,Michael Jones,Write-In,0
Marion,Governor,Gene Mason,Write-In,0
Marion,Land Commissioner,Mark Wilcox,Democratic,4098
Marion,Land Commissioner,Robert David Lewis,Green,1243
Marion,Lieutenant Governor,Jim Holt,Republican,3143
Marion,Lieutenant Governor,Bill Halter,Democratic,2761
Marion,Secretary of State,Charlie Daniels,Democratic,3239
Marion,Secretary of State,Jim Lagrone,Republican,2352
Marion,Secretary of State,"Ralph ""Marty"" Scully",Green,267
Marion,State Auditor,Auditor of State Jim Wood,Democratic,4271
Marion,State Auditor,Michael Joseph Bolzenius,Green,1076
Marion,State Treasurer,Martha Shoffner,Democratic,2706
Marion,State Treasurer,Chris Morris,Republican,2630
Marion,State Treasurer,Brock Carpenter,Green,418
Miller,Attorney General,Dustin McDaniel,Democratic,5404
Miller,Attorney General,Gunner DeLay,Republican,3875
Miller,Attorney General,Rebekah Kennedy,Green,329
Miller,Governor,Mike Beebe,Democratic,5466
Miller,Governor,Asa Hutchinson,Republican,3933
Miller,Governor,Rod Bryan,Independent,259
Miller,Governor,Jim Lendall,Green,93
Miller,Governor,Michael Jones,Write-In,0
Miller,Governor,Gene Mason,Write-In,0
Miller,Land Commissioner,Mark Wilcox,Democratic,7288
Miller,Land Commissioner,Robert David Lewis,Green,1543
Miller,Lieutenant Governor,Bill Halter,Democratic,5240
Miller,Lieutenant Governor,Jim Holt,Republican,4354
Miller,Secretary of State,Charlie Daniels,Democratic,5582
Miller,Secretary of State,Jim Lagrone,Republican,3884
Miller,Secretary of State,"Ralph ""Marty"" Scully",Green,165
Miller,State Auditor,Auditor of State Jim Wood,Democratic,7396
Miller,State Auditor,Michael Joseph Bolzenius,Green,1417
Miller,State Treasurer,Martha Shoffner,Democratic,5207
Miller,State Treasurer,Chris Morris,Republican,3987
Miller,State Treasurer,Brock Carpenter,Green,352
Mississippi,Attorney General,Dustin McDaniel,Democratic,7170
Mississippi,Attorney General,Gunner DeLay,Republican,2294
Mississippi,Attorney General,Rebekah Kennedy,Green,487
Mississippi,Governor,Mike Beebe,Democratic,7119
Mississippi,Governor,Asa Hutchinson,Republican,2677
Mississippi,Governor,Jim Lendall,Green,221
Mississippi,Governor,Rod Bryan,Independent,154
Mississippi,Governor,Michael Jones,Write-In,3
Mississippi,Governor,Gene Mason,Write-In,2
Mississippi,Land Commissioner,Mark Wilcox,Democratic,8227
Mississippi,Land Commissioner,Robert David Lewis,Green,1181
Mississippi,Lieutenant Governor,Bill Halter,Democratic,6579
Mississippi,Lieutenant Governor,Jim Holt,Republican,3304
Mississippi,Secretary of State,Charlie Daniels,Democratic,7355
Mississippi,Secretary of State,Jim Lagrone,Republican,2310
Mississippi,Secretary of State,"Ralph ""Marty"" Scully",Green,348
Mississippi,State Auditor,Auditor of State Jim Wood,Democratic,8542
Mississippi,State Auditor,Michael Joseph Bolzenius,Green,979
Mississippi,State Treasurer,Martha Shoffner,Democratic,6925
Mississippi,State Treasurer,Chris Morris,Republican,2555
Mississippi,State Treasurer,Brock Carpenter,Green,400
Monroe,Attorney General,Dustin McDaniel,Democratic,2078
Monroe,Attorney General,Gunner DeLay,Republican,583
Monroe,Attorney General,Rebekah Kennedy,Green,72
Monroe,Governor,Mike Beebe,Democratic,1914
Monroe,Governor,Asa Hutchinson,Republican,776
Monroe,Governor,Rod Bryan,Independent,36
Monroe,Governor,Jim Lendall,Green,31
Monroe,Governor,Michael Jones,Write-In,0
Monroe,Governor,Gene Mason,Write-In,0
Monroe,Land Commissioner,Mark Wilcox,Democratic,2413
Monroe,Land Commissioner,Robert David Lewis,Green,226
Monroe,Lieutenant Governor,Bill Halter,Democratic,2003
Monroe,Lieutenant Governor,Jim Holt,Republican,740
Monroe,Secretary of State,Charlie Daniels,Democratic,2177
Monroe,Secretary of State,Jim Lagrone,Republican,518
Monroe,Secretary of State,"Ralph ""Marty"" Scully",Green,41
Monroe,State Auditor,Auditor of State Jim Wood,Democratic,2479
Monroe,State Auditor,Michael Joseph Bolzenius,Green,167
Monroe,State Treasurer,Martha Shoffner,Democratic,2071
Monroe,State Treasurer,Chris Morris,Republican,611
Monroe,State Treasurer,Brock Carpenter,Green,42
Montgomery,Attorney General,Dustin McDaniel,Democratic,1599
Montgomery,Attorney General,Gunner DeLay,Republican,1074
Montgomery,Attorney General,Rebekah Kennedy,Green,153
Montgomery,Governor,Mike Beebe,Democratic,1526
Montgomery,Governor,Asa Hutchinson,Republican,1207
Montgomery,Governor,Jim Lendall,Green,81
Montgomery,Governor,Rod Bryan,Independent,74
Montgomery,Governor,Michael Jones,Write-In,0
Montgomery,Governor,Gene Mason,Write-In,0
Montgomery,Land Commissioner,Mark Wilcox,Democratic,2136
Montgomery,Land Commissioner,Robert David Lewis,Green,451
Montgomery,Lieutenant Governor,Bill Halter,Democratic,1683
Montgomery,Lieutenant Governor,Jim Holt,Republican,1172
Montgomery,Secretary of State,Charlie Daniels,Democratic,1834
Montgomery,Secretary of State,Jim Lagrone,Republican,925
Montgomery,Secretary of State,"Ralph ""Marty"" Scully",Green,93
Montgomery,State Auditor,Auditor of State Jim Wood,Democratic,2226
Montgomery,State Auditor,Michael Joseph Bolzenius,Green,389
Montgomery,State Treasurer,Martha Shoffner,Democratic,1691
Montgomery,State Treasurer,Chris Morris,Republican,995
Montgomery,State Treasurer,Brock Carpenter,Green,132
Nevada,Attorney General,Dustin McDaniel,Democratic,1803
Nevada,Attorney General,Gunner DeLay,Republican,660
Nevada,Attorney General,Rebekah Kennedy,Green,124
Nevada,Governor,Mike Beebe,Democratic,1694
Nevada,Governor,Asa Hutchinson,Republican,811
Nevada,Governor,Rod Bryan,Independent,67
Nevada,Governor,Jim Lendall,Green,49
Nevada,Governor,Michael Jones,Write-In,0
Nevada,Governor,Gene Mason,Write-In,0
Nevada,Land Commissioner,Mark Wilcox,Democratic,2242
Nevada,Land Commissioner,Robert David Lewis,Green,256
Nevada,Lieutenant Governor,Bill Halter,Democratic,1721
Nevada,Lieutenant Governor,Jim Holt,Republican,871
Nevada,Secretary of State,Charlie Daniels,Democratic,1964
Nevada,Secretary of State,Jim Lagrone,Republican,582
Nevada,Secretary of State,"Ralph ""Marty"" Scully",Green,51
Nevada,State Auditor,Auditor of State Jim Wood,Democratic,2263
Nevada,State Auditor,Michael Joseph Bolzenius,Green,258
Nevada,State Treasurer,Martha Shoffner,Democratic,1758
Nevada,State Treasurer,Chris Morris,Republican,726
Nevada,State Treasurer,Brock Carpenter,Green,86
Newton,Attorney General,Gunner DeLay,Republican,1545
Newton,Attorney General,Dustin McDaniel,Democratic,1515
Newton,Attorney General,Rebekah Kennedy,Green,285
Newton,Governor,Asa Hutchinson,Republican,1804
Newton,Governor,Mike Beebe,Democratic,1519
Newton,Governor,Jim Lendall,Green,97
Newton,Governor,Rod Bryan,Independent,88
Newton,Governor,Michael Jones,Write-In,0
Newton,Governor,Gene Mason,Write-In,0
Newton,Land Commissioner,Mark Wilcox,Democratic,2117
Newton,Land Commissioner,Robert David Lewis,Green,859
Newton,Lieutenant Governor,Jim Holt,Republican,1823
Newton,Lieutenant Governor,Bill Halter,Democratic,1463
Newton,Secretary of State,Charlie Daniels,Democratic,1982
Newton,Secretary of State,Jim Lagrone,Republican,1301
Newton,Secretary of State,"Ralph ""Marty"" Scully",Green,156
Newton,State Auditor,Auditor of State Jim Wood,Democratic,2215
Newton,State Auditor,Michael Joseph Bolzenius,Green,778
Newton,State Treasurer,Chris Morris,Republican,1620
Newton,State Treasurer,Martha Shoffner,Democratic,1488
Newton,State Treasurer,Brock Carpenter,Green,233
Ouachita,Attorney General,Dustin McDaniel,Democratic,5087
Ouachita,Attorney General,Gunner DeLay,Republican,1971
Ouachita,Attorney General,Rebekah Kennedy,Green,257
Ouachita,Governor,Mike Beebe,Democratic,4665
Ouachita,Governor,Asa Hutchinson,Republican,2647
Ouachita,Governor,Rod Bryan,Independent,90
Ouachita,Governor,Jim Lendall,Green,86
Ouachita,Governor,Michael Jones,Write-In,0
Ouachita,Governor,Gene Mason,Write-In,0
Ouachita,Land Commissioner,Mark Wilcox,Democratic,6105
Ouachita,Land Commissioner,Robert David Lewis,Green,892
Ouachita,Lieutenant Governor,Bill Halter,Democratic,4778
Ouachita,Lieutenant Governor,Jim Holt,Republican,2629
Ouachita,Secretary of State,Charlie Daniels,Democratic,5448
Ouachita,Secretary of State,Jim Lagrone,Republican,1828
Ouachita,Secretary of State,"Ralph ""Marty"" Scully",Green,160
Ouachita,State Auditor,Auditor of State Jim Wood,Democratic,6380
Ouachita,State Auditor,Michael Joseph Bolzenius,Green,761
Ouachita,State Treasurer,Martha Shoffner,Democratic,5139
Ouachita,State Treasurer,Chris Morris,Republican,2069
Ouachita,State Treasurer,Brock Carpenter,Green,155
Perry,Attorney General,Dustin McDaniel,Democratic,2115
Perry,Attorney General,Gunner DeLay,Republican,1190
Perry,Attorney General,Rebekah Kennedy,Green,221
Perry,Governor,Mike Beebe,Democratic,1918
Perry,Governor,Asa Hutchinson,Republican,1456
Perry,Governor,Rod Bryan,Independent,145
Perry,Governor,Jim Lendall,Green,125
Perry,Governor,Michael Jones,Write-In,0
Perry,Governor,Gene Mason,Write-In,0
Perry,Land Commissioner,Mark Wilcox,Democratic,2772
Perry,Land Commissioner,Robert David Lewis,Green,542
Perry,Lieutenant Governor,Bill Halter,Democratic,2176
Perry,Lieutenant Governor,Jim Holt,Republican,1433
Perry,Secretary of State,Charlie Daniels,Democratic,2416
Perry,Secretary of State,Jim Lagrone,Republican,1017
Perry,Secretary of State,"Ralph ""Marty"" Scully",Green,144
Perry,State Auditor,Auditor of State Jim Wood,Democratic,2911
Perry,State Auditor,Michael Joseph Bolzenius,Green,442
Perry,State Treasurer,Martha Shoffner,Democratic,2345
Perry,State Treasurer,Chris Morris,Republican,988
Perry,State Treasurer,Brock Carpenter,Green,181
Phillips,Attorney General,Dustin McDaniel,Democratic,5246
Phillips,Attorney General,Gunner DeLay,Republican,1205
Phillips,Attorney General,Rebekah Kennedy,Green,313
Phillips,Governor,Mike Beebe,Democratic,4934
Phillips,Governor,Asa Hutchinson,Republican,1563
Phillips,Governor,Rod Bryan,Independent,160
Phillips,Governor,Michael Jones,Write-In,123
Phillips,Governor,Gene Mason,Write-In,70
Phillips,Governor,Jim Lendall,Green,66
Phillips,Land Commissioner,Mark Wilcox,Democratic,5950
Phillips,Land Commissioner,Robert David Lewis,Green,605
Phillips,Lieutenant Governor,Bill Halter,Democratic,4797
Phillips,Lieutenant Governor,Jim Holt,Republican,1950
Phillips,Secretary of State,Charlie Daniels,Democratic,5450
Phillips,Secretary of State,Jim Lagrone,Republican,1076
Phillips,Secretary of State,"Ralph ""Marty"" Scully",Green,257
Phillips,State Auditor,Auditor of State Jim Wood,Democratic,6193
Phillips,State Auditor,Michael Joseph Bolzenius,Green,443
Phillips,State Treasurer,Martha Shoffner,Democratic,5455
Phillips,State Treasurer,Chris Morris,Republican,1076
Phillips,State Treasurer,Brock Carpenter,Green,209
Pike,Attorney General,Dustin McDaniel,Democratic,2024
Pike,Attorney General,Gunner DeLay,Republican,984
Pike,Attorney General,Rebekah Kennedy,Green,116
Pike,Governor,Mike Beebe,Democratic,1770
Pike,Governor,Asa Hutchinson,Republican,1317
Pike,Governor,Rod Bryan,Independent,49
Pike,Governor,Jim Lendall,Green,47
Pike,Governor,Michael Jones,Write-In,0
Pike,Governor,Gene Mason,Write-In,0
Pike,Land Commissioner,Mark Wilcox,Democratic,2517
Pike,Land Commissioner,Robert David Lewis,Green,422
Pike,Lieutenant Governor,Bill Halter,Democratic,1874
Pike,Lieutenant Governor,Jim Holt,Republican,1285
Pike,Secretary of State,Charlie Daniels,Democratic,2189
Pike,Secretary of State,Jim Lagrone,Republican,892
Pike,Secretary of State,"Ralph ""Marty"" Scully",Green,59
Pike,State Auditor,Auditor of State Jim Wood,Democratic,2668
Pike,State Auditor,Michael Joseph Bolzenius,Green,298
Pike,State Treasurer,Martha Shoffner,Democratic,2011
Pike,State Treasurer,Chris Morris,Republican,978
Pike,State Treasurer,Brock Carpenter,Green,102
Poinsett,Attorney General,Dustin McDaniel,Democratic,4664
Poinsett,Attorney General,Gunner DeLay,Republican,1348
Poinsett,Attorney General,Rebekah Kennedy,Green,203
Poinsett,Governor,Mike Beebe,Democratic,4346
Poinsett,Governor,Asa Hutchinson,Republican,1793
Poinsett,Governor,Rod Bryan,Independent,71
Poinsett,Governor,Jim Lendall,Green,48
Poinsett,Governor,Michael Jones,Write-In,0
Poinsett,Governor,Gene Mason,Write-In,0
Poinsett,Land Commissioner,Mark Wilcox,Democratic,5154
Poinsett,Land Commissioner,Robert David Lewis,Green,790
Poinsett,Lieutenant Governor,Bill Halter,Democratic,4046
Poinsett,Lieutenant Governor,Jim Holt,Republican,2143
Poinsett,Secretary of State,Charlie Daniels,Democratic,4488
Poinsett,Secretary of State,Jim Lagrone,Republican,1595
Poinsett,Secretary of State,"Ralph ""Marty"" Scully",Green,125
Poinsett,State Auditor,Auditor of State Jim Wood,Democratic,5273
Poinsett,State Auditor,Michael Joseph Bolzenius,Green,675
Poinsett,State Treasurer,Martha Shoffner,Democratic,4551
Poinsett,State Treasurer,Chris Morris,Republican,1451
Poinsett,State Treasurer,Brock Carpenter,Green,166
Polk,Attorney General,Dustin McDaniel,Democratic,2688
Polk,Attorney General,Gunner DeLay,Republican,2549
Polk,Attorney General,Rebekah Kennedy,Green,289
Polk,Governor,Asa Hutchinson,Republican,2831
Polk,Governor,Mike Beebe,Democratic,2465
Polk,Governor,Rod Bryan,Independent,164
Polk,Governor,Jim Lendall,Green,139
Polk,Governor,Michael Jones,Write-In,0
Polk,Governor,Gene Mason,Write-In,0
Polk,Land Commissioner,Mark Wilcox,Democratic,3813
Polk,Land Commissioner,Robert David Lewis,Green,1192
Polk,Lieutenant Governor,Bill Halter,Democratic,2755
Polk,Lieutenant Governor,Jim Holt,Republican,2735
Polk,Secretary of State,Charlie Daniels,Democratic,3078
Polk,Secretary of State,Jim Lagrone,Republican,2173
Polk,Secretary of State,"Ralph ""Marty"" Scully",Green,278
Polk,State Auditor,Auditor of State Jim Wood,Democratic,4088
Polk,State Auditor,Michael Joseph Bolzenius,Green,927
Polk,State Treasurer,Martha Shoffner,Democratic,2884
Polk,State Treasurer,Chris Morris,Republican,2264
Polk,State Treasurer,Brock Carpenter,Green,300
Pope,Attorney General,Dustin McDaniel,Democratic,8272
Pope,Attorney General,Gunner DeLay,Republican,6632
Pope,Attorney General,Rebekah Kennedy,Green,420
Pope,Governor,Asa Hutchinson,Republican,7778
Pope,Governor,Mike Beebe,Democratic,6847
Pope,Governor,Rod Bryan,Independent,348
Pope,Governor,Jim Lendall,Green,291
Pope,Governor,Michael Jones,Write-In,38
Pope,Governor,Gene Mason,Write-In,26
Pope,Land Commissioner,Mark Wilcox,Democratic,11678
Pope,Land Commissioner,Robert David Lewis,Green,2575
Pope,Lieutenant Governor,Jim Holt,Republican,7992
Pope,Lieutenant Governor,Bill Halter,Democratic,7328
Pope,Secretary of State,Charlie Daniels,Democratic,8272
Pope,Secretary of State,Jim Lagrone,Republican,6632
Pope,Secretary of State,"Ralph ""Marty"" Scully",Green,437
Pope,State Auditor,Auditor of State Jim Wood,Democratic,11903
Pope,State Auditor,Michael Joseph Bolzenius,Green,2241
Pope,State Treasurer,Martha Shoffner,Democratic,7582
Pope,State Treasurer,Chris Morris,Republican,7149
Pope,State Treasurer,Brock Carpenter,Green,584
Prairie,Attorney General,Dustin McDaniel,Democratic,1968
Prairie,Attorney General,Gunner DeLay,Republican,735
Prairie,Attorney General,Rebekah Kennedy,Green,99
Prairie,Governor,Mike Beebe,Democratic,1901
Prairie,Governor,Asa Hutchinson,Republican,804
Prairie,Governor,Rod Bryan,Independent,105
Prairie,Governor,Jim Lendall,Green,69
Prairie,Governor,Michael Jones,Write-In,0
Prairie,Governor,Gene Mason,Write-In,0
Prairie,Land Commissioner,Mark Wilcox,Democratic,2456
Prairie,Land Commissioner,Robert David Lewis,Green,256
Prairie,Lieutenant Governor,Bill Halter,Democratic,1935
Prairie,Lieutenant Governor,Jim Holt,Republican,885
Prairie,Secretary of State,Charlie Daniels,Democratic,2144
Prairie,Secretary of State,Jim Lagrone,Republican,610
Prairie,Secretary of State,"Ralph ""Marty"" Scully",Green,71
Prairie,State Auditor,Auditor of State Jim Wood,Democratic,2506
Prairie,State Auditor,Michael Joseph Bolzenius,Green,211
Prairie,State Treasurer,Martha Shoffner,Democratic,2074
Prairie,State Treasurer,Chris Morris,Republican,622
Prairie,State Treasurer,Brock Carpenter,Green,106
Pulaski,Attorney General,Dustin McDaniel,Democratic,68867
Pulaski,Attorney General,Gunner DeLay,Republican,34189
Pulaski,Attorney General,Rebekah Kennedy,Green,4831
Pulaski,Governor,Mike Beebe,Democratic,66821
Pulaski,Governor,Asa Hutchinson,Republican,38653
Pulaski,Governor,Rod Bryan,Independent,2521
Pulaski,Governor,Jim Lendall,Green,1933
Pulaski,Governor,Michael Jones,Write-In,0
Pulaski,Governor,Gene Mason,Write-In,0
Pulaski,Land Commissioner,Mark Wilcox,Democratic,82019
Pulaski,Land Commissioner,Robert David Lewis,Green,17502
Pulaski,Lieutenant Governor,Bill Halter,Democratic,70871
Pulaski,Lieutenant Governor,Jim Holt,Republican,37866
Pulaski,Secretary of State,Charlie Daniels,Democratic,67879
Pulaski,Secretary of State,Jim Lagrone,Republican,36826
Pulaski,Secretary of State,"Ralph ""Marty"" Scully",Green,3601
Pulaski,State Auditor,Auditor of State Jim Wood,Democratic,86794
Pulaski,State Auditor,Michael Joseph Bolzenius,Green,14613
Pulaski,State Treasurer,Martha Shoffner,Democratic,70724
Pulaski,State Treasurer,Chris Morris,Republican,32060
Pulaski,State Treasurer,Brock Carpenter,Green,4283
Randolph,Attorney General,Dustin McDaniel,Democratic,3246
Randolph,Attorney General,Gunner DeLay,Republican,1142
Randolph,Attorney General,Rebekah Kennedy,Green,163
Randolph,Governor,Mike Beebe,Democratic,2894
Randolph,Governor,Asa Hutchinson,Republican,1403
Randolph,Governor,Rod Bryan,Independent,213
Randolph,Governor,Jim Lendall,Green,108
Randolph,Governor,Michael Jones,Write-In,1
Randolph,Governor,Gene Mason,Write-In,0
Randolph,Land Commissioner,Mark Wilcox,Democratic,3587
Randolph,Land Commissioner,Robert David Lewis,Green,587
Randolph,Lieutenant Governor,Bill Halter,Democratic,2768
Randolph,Lieutenant Governor,Jim Holt,Republican,1778
Randolph,Secretary of State,Charlie Daniels,Democratic,3278
Randolph,Secretary of State,Jim Lagrone,Republican,1183
Randolph,Secretary of State,"Ralph ""Marty"" Scully",Green,103
Randolph,State Auditor,Auditor of State Jim Wood,Democratic,3654
Randolph,State Auditor,Michael Joseph Bolzenius,Green,552
Randolph,State Treasurer,Martha Shoffner,Democratic,3210
Randolph,State Treasurer,Chris Morris,Republican,1178
Randolph,State Treasurer,Brock Carpenter,Green,131
Saline,Attorney General,Dustin McDaniel,Democratic,15943
Saline,Attorney General,Gunner DeLay,Republican,14245
Saline,Attorney General,Rebekah Kennedy,Green,1371
Saline,Governor,Asa Hutchinson,Republican,15931
Saline,Governor,Mike Beebe,Democratic,14754
Saline,Governor,Rod Bryan,Independent,677
Saline,Governor,Jim Lendall,Green,592
Saline,Governor,Michael Jones,Write-In,0
Saline,Governor,Gene Mason,Write-In,0
Saline,Land Commissioner,Mark Wilcox,Democratic,23215
Saline,Land Commissioner,Robert David Lewis,Green,5727
Saline,Lieutenant Governor,Bill Halter,Democratic,16191
Saline,Lieutenant Governor,Jim Holt,Republican,15467
Saline,Secretary of State,Charlie Daniels,Democratic,16163
Saline,Secretary of State,Jim Lagrone,Republican,14676
Saline,Secretary of State,"Ralph ""Marty"" Scully",Green,928
Saline,State Auditor,Auditor of State Jim Wood,Democratic,24470
Saline,State Auditor,Michael Joseph Bolzenius,Green,4747
Saline,State Treasurer,Martha Shoffner,Democratic,16077
Saline,State Treasurer,Chris Morris,Republican,14029
Saline,State Treasurer,Brock Carpenter,Green,1198
Scott,Attorney General,Dustin McDaniel,Democratic,1495
Scott,Attorney General,Gunner DeLay,Republican,1161
Scott,Attorney General,Rebekah Kennedy,Green,110
Scott,Governor,Mike Beebe,Democratic,1407
Scott,Governor,Asa Hutchinson,Republican,1230
Scott,Governor,Rod Bryan,Independent,80
Scott,Governor,Jim Lendall,Green,57
Scott,Governor,Michael Jones,Write-In,0
Scott,Governor,Gene Mason,Write-In,0
Scott,Land Commissioner,Mark Wilcox,Democratic,2196
Scott,Land Commissioner,Robert David Lewis,Green,443
Scott,Lieutenant Governor,Bill Halter,Democratic,1626
Scott,Lieutenant Governor,Jim Holt,Republican,1135
Scott,Secretary of State,Charlie Daniels,Democratic,1879
Scott,Secretary of State,Jim Lagrone,Republican,793
Scott,Secretary of State,"Ralph ""Marty"" Scully",Green,82
Scott,State Auditor,Auditor of State Jim Wood,Democratic,2241
Scott,State Auditor,Michael Joseph Bolzenius,Green,371
Scott,State Treasurer,Martha Shoffner,Democratic,1680
Scott,State Treasurer,Chris Morris,Republican,921
Scott,State Treasurer,Brock Carpenter,Green,188
Searcy,Attorney General,Dustin McDaniel,Democratic,1398
Searcy,Attorney General,Gunner DeLay,Republican,1377
Searcy,Attorney General,Rebekah Kennedy,Green,194
Searcy,Governor,Asa Hutchinson,Republican,1629
Searcy,Governor,Mike Beebe,Democratic,1296
Searcy,Governor,Rod Bryan,Independent,107
Searcy,Governor,Jim Lendall,Green,91
Searcy,Governor,Michael Jones,Write-In,0
Searcy,Governor,Gene Mason,Write-In,0
Searcy,Land Commissioner,Mark Wilcox,Democratic,1824
Searcy,Land Commissioner,Robert David Lewis,Green,611
Searcy,Lieutenant Governor,Jim Holt,Republican,1643
Searcy,Lieutenant Governor,Bill Halter,Democratic,1372
Searcy,Secretary of State,Charlie Daniels,Democratic,1688
Searcy,Secretary of State,Jim Lagrone,Republican,1180
Searcy,Secretary of State,"Ralph ""Marty"" Scully",Green,136
Searcy,State Auditor,Auditor of State Jim Wood,Democratic,1997
Searcy,State Auditor,Michael Joseph Bolzenius,Green,520
Searcy,State Treasurer,Chris Morris,Republican,1404
Searcy,State Treasurer,Martha Shoffner,Democratic,1320
Searcy,State Treasurer,Brock Carpenter,Green,185
Sebastian,Attorney General,Gunner DeLay,Republican,15358
Sebastian,Attorney General,Dustin McDaniel,Democratic,14875
Sebastian,Attorney General,Rebekah Kennedy,Green,1309
Sebastian,Governor,Asa Hutchinson,Republican,16142
Sebastian,Governor,Mike Beebe,Democratic,14971
Sebastian,Governor,Rod Bryan,Independent,377
Sebastian,Governor,Jim Lendall,Green,288
Sebastian,Governor,Michael Jones,Write-In,0
Sebastian,Governor,Gene Mason,Write-In,0
Sebastian,Land Commissioner,Mark Wilcox,Democratic,22067
Sebastian,Land Commissioner,Robert David Lewis,Green,6691
Sebastian,Lieutenant Governor,Jim Holt,Republican,16133
Sebastian,Lieutenant Governor,Bill Halter,Democratic,15350
Sebastian,Secretary of State,Charlie Daniels,Democratic,16651
Sebastian,Secretary of State,Jim Lagrone,Republican,13768
Sebastian,Secretary of State,"Ralph ""Marty"" Scully",Green,862
Sebastian,State Auditor,Auditor of State Jim Wood,Democratic,23950
Sebastian,State Auditor,Michael Joseph Bolzenius,Green,5153
Sebastian,State Treasurer,Martha Shoffner,Democratic,15236
Sebastian,State Treasurer,Chris Morris,Republican,14728
Sebastian,State Treasurer,Brock Carpenter,Green,976
Sevier,Attorney General,Dustin McDaniel,Democratic,1968
Sevier,Attorney General,Gunner DeLay,Republican,915
Sevier,Attorney General,Rebekah Kennedy,Green,95
Sevier,Governor,Mike Beebe,Democratic,1959
Sevier,Governor,Asa Hutchinson,Republican,956
Sevier,Governor,Rod Bryan,Independent,57
Sevier,Governor,Jim Lendall,Green,50
Sevier,Governor,Michael Jones,Write-In,0
Sevier,Governor,Gene Mason,Write-In,0
Sevier,Land Commissioner,Mark Wilcox,Democratic,2437
Sevier,Land Commissioner,Robert David Lewis,Green,414
Sevier,Lieutenant Governor,Bill Halter,Democratic,1876
Sevier,Lieutenant Governor,Jim Holt,Republican,1126
Sevier,Secretary of State,Charlie Daniels,Democratic,2089
Sevier,Secretary of State,Jim Lagrone,Republican,817
Sevier,Secretary of State,"Ralph ""Marty"" Scully",Green,75
Sevier,State Auditor,Auditor of State Jim Wood,Democratic,2566
Sevier,State Auditor,Michael Joseph Bolzenius,Green,302
Sevier,State Treasurer,Martha Shoffner,Democratic,2055
Sevier,State Treasurer,Chris Morris,Republican,828
Sevier,State Treasurer,Brock Carpenter,Green,83
Sharp,Attorney General,Dustin McDaniel,Democratic,3479
Sharp,Attorney General,Gunner DeLay,Republican,1758
Sharp,Attorney General,Rebekah Kennedy,Green,252
Sharp,Governor,Mike Beebe,Democratic,3159
Sharp,Governor,Asa Hutchinson,Republican,2021
Sharp,Governor,Rod Bryan,Independent,321
Sharp,Governor,Jim Lendall,Green,85
Sharp,Governor,Michael Jones,Write-In,0
Sharp,Governor,Gene Mason,Write-In,0
Sharp,Land Commissioner,Mark Wilcox,Democratic,4040
Sharp,Land Commissioner,Robert David Lewis,Green,964
Sharp,Lieutenant Governor,Bill Halter,Democratic,3048
Sharp,Lieutenant Governor,Jim Holt,Republican,2448
Sharp,Secretary of State,Charlie Daniels,Democratic,3575
Sharp,Secretary of State,Jim Lagrone,Republican,1749
Sharp,Secretary of State,"Ralph ""Marty"" Scully",Green,183
Sharp,State Auditor,Auditor of State Jim Wood,Democratic,4330
Sharp,State Auditor,Michael Joseph Bolzenius,Green,751
Sharp,State Treasurer,Martha Shoffner,Democratic,3300
Sharp,State Treasurer,Chris Morris,Republican,1904
Sharp,State Treasurer,Brock Carpenter,Green,253
St. Francis,Attorney General,Dustin McDaniel,Democratic,4896
St. Francis,Attorney General,Gunner DeLay,Republican,1577
St. Francis,Attorney General,Rebekah Kennedy,Green,323
St. Francis,Governor,Mike Beebe,Democratic,4939
St. Francis,Governor,Asa Hutchinson,Republican,1769
St. Francis,Governor,Rod Bryan,Independent,110
St. Francis,Governor,Jim Lendall,Green,87
St. Francis,Governor,Michael Jones,Write-In,0
St. Francis,Governor,Gene Mason,Write-In,0
St. Francis,Land Commissioner,Mark Wilcox,Democratic,5700
St. Francis,Land Commissioner,Robert David Lewis,Green,849
St. Francis,Lieutenant Governor,Bill Halter,Democratic,4681
St. Francis,Lieutenant Governor,Jim Holt,Republican,2187
St. Francis,Secretary of State,Charlie Daniels,Democratic,5174
St. Francis,Secretary of State,Jim Lagrone,Republican,1465
St. Francis,Secretary of State,"Ralph ""Marty"" Scully",Green,196
St. Francis,State Auditor,Auditor of State Jim Wood,Democratic,6009
St. Francis,State Auditor,Michael Joseph Bolzenius,Green,589
St. Francis,State Treasurer,Martha Shoffner,Democratic,5973
St. Francis,State Treasurer,Chris Morris,Republican,1676
St. Francis,State Treasurer,Brock Carpenter,Green,164
Stone,Attorney General,Dustin McDaniel,Democratic,2541
Stone,Attorney General,Gunner DeLay,Republican,1523
Stone,Attorney General,Rebekah Kennedy,Green,275
Stone,Governor,Mike Beebe,Democratic,2270
Stone,Governor,Asa Hutchinson,Republican,1956
Stone,Governor,Rod Bryan,Independent,130
Stone,Governor,Jim Lendall,Green,104
Stone,Governor,Michael Jones,Write-In,2
Stone,Governor,Gene Mason,Write-In,0
Stone,Land Commissioner,Mark Wilcox,Democratic,3166
Stone,Land Commissioner,Robert David Lewis,Green,893
Stone,Lieutenant Governor,Bill Halter,Democratic,2454
Stone,Lieutenant Governor,Jim Holt,Republican,1928
Stone,Secretary of State,Charlie Daniels,Democratic,2724
Stone,Secretary of State,Jim Lagrone,Republican,1395
Stone,Secretary of State,"Ralph ""Marty"" Scully",Green,231
Stone,State Auditor,Auditor of State Jim Wood,Democratic,3393
Stone,State Auditor,Michael Joseph Bolzenius,Green,660
Stone,State Treasurer,Martha Shoffner,Democratic,2611
Stone,State Treasurer,Chris Morris,Republican,1468
Stone,State Treasurer,Brock Carpenter,Green,225
Union,Attorney General,Dustin McDaniel,Democratic,6055
Union,Attorney General,Gunner DeLay,Republican,4814
Union,Attorney General,Rebekah Kennedy,Green,304
Union,Governor,Mike Beebe,Democratic,6057
Union,Governor,Asa Hutchinson,Republican,5222
Union,Governor,Rod Bryan,Independent,96
Union,Governor,Jim Lendall,Green,64
Union,Governor,Michael Jones,Write-In,0
Union,Governor,Gene Mason,Write-In,0
Union,Land Commissioner,Mark Wilcox,Democratic,8556
Union,Land Commissioner,Robert David Lewis,Green,1840
Union,Lieutenant Governor,Bill Halter,Democratic,5906
Union,Lieutenant Governor,Jim Holt,Republican,5406
Union,Secretary of State,Charlie Daniels,Democratic,7068
Union,Secretary of State,Jim Lagrone,Republican,3993
Union,Secretary of State,"Ralph ""Marty"" Scully",Green,223
Union,State Auditor,Auditor of State Jim Wood,Democratic,8981
Union,State Auditor,Michael Joseph Bolzenius,Green,1282
Union,State Treasurer,Martha Shoffner,Democratic,6111
Union,State Treasurer,Chris Morris,Republican,4609
Union,State Treasurer,Brock Carpenter,Green,356
Van Buren,Attorney General,Dustin McDaniel,Democratic,3048
Van Buren,Attorney General,Gunner DeLay,Republican,1935
Van Buren,Attorney General,Rebekah Kennedy,Green,332
Van Buren,Governor,Mike Beebe,Democratic,3007
Van Buren,Governor,Asa Hutchinson,Republican,2202
Van Buren,Governor,Rod Bryan,Independent,158
Van Buren,Governor,Jim Lendall,Green,156
Van Buren,Governor,Michael Jones,Write-In,0
Van Buren,Governor,Gene Mason,Write-In,0
Van Buren,Land Commissioner,Mark Wilcox,Democratic,4012
Van Buren,Land Commissioner,Robert David Lewis,Green,885
Van Buren,Lieutenant Governor,Bill Halter,Democratic,3210
Van Buren,Lieutenant Governor,Jim Holt,Republican,2160
Van Buren,Secretary of State,Charlie Daniels,Democratic,3332
Van Buren,Secretary of State,Jim Lagrone,Republican,1785
Van Buren,Secretary of State,"Ralph ""Marty"" Scully",Green,323
Van Buren,State Auditor,Auditor of State Jim Wood,Democratic,4143
Van Buren,State Auditor,Michael Joseph Bolzenius,Green,774
Van Buren,State Treasurer,Martha Shoffner,Democratic,3203
Van Buren,State Treasurer,Chris Morris,Republican,1814
Van Buren,State Treasurer,Brock Carpenter,Green,274
Washington,Attorney General,Dustin McDaniel,Democratic,22644
Washington,Attorney General,Gunner DeLay,Republican,19606
Washington,Attorney General,Rebekah Kennedy,Green,2299
Washington,Governor,Mike Beebe,Democratic,22836
Washington,Governor,Asa Hutchinson,Republican,20930
Washington,Governor,Jim Lendall,Green,733
Washington,Governor,Rod Bryan,Independent,538
Washington,Governor,Michael Jones,Write-In,0
Washington,Governor,Gene Mason,Write-In,0
Washington,Land Commissioner,Mark Wilcox,Democratic,29743
Washington,Land Commissioner,Robert David Lewis,Green,9732
Washington,Lieutenant Governor,Bill Halter,Democratic,24169
Washington,Lieutenant Governor,Jim Holt,Republican,20563
Washington,Secretary of State,Charlie Daniels,Democratic,24077
Washington,Secretary of State,Jim Lagrone,Republican,18832
Washington,Secretary of State,"Ralph ""Marty"" Scully",Green,1636
Washington,State Auditor,Auditor of State Jim Wood,Democratic,32062
Washington,State Auditor,Michael Joseph Bolzenius,Green,7948
Washington,State Treasurer,Martha Shoffner,Democratic,22180
Washington,State Treasurer,Chris Morris,Republican,19229
Washington,State Treasurer,Brock Carpenter,Green,2463
White,Attorney General,Dustin McDaniel,Democratic,10661
White,Attorney General,Gunner DeLay,Republican,8404
White,Attorney General,Rebekah Kennedy,Green,869
White,Governor,Mike Beebe,Democratic,11670
White,Governor,Asa Hutchinson,Republican,8653
White,Governor,Rod Bryan,Independent,365
White,Governor,Jim Lendall,Green,305
White,Governor,Michael Jones,Write-In,0
White,Governor,Gene Mason,Write-In,0
White,Land Commissioner,Mark Wilcox,Democratic,15044
White,Land Commissioner,Robert David Lewis,Green,3468
White,Lieutenant Governor,Bill Halter,Democratic,10678
White,Lieutenant Governor,Jim Holt,Republican,10029
White,Secretary of State,Charlie Daniels,Democratic,11898
White,Secretary of State,Jim Lagrone,Republican,8130
White,Secretary of State,"Ralph ""Marty"" Scully",Green,516
White,State Auditor,Auditor of State Jim Wood,Democratic,16042
White,State Auditor,Michael Joseph Bolzenius,Green,2672
White,State Treasurer,Martha Shoffner,Democratic,11894
White,State Treasurer,Chris Morris,Republican,7858
White,State Treasurer,Brock Carpenter,Green,685
Woodruff,Attorney General,Dustin McDaniel,Democratic,2009
Woodruff,Attorney General,Gunner DeLay,Republican,342
Woodruff,Attorney General,Rebekah Kennedy,Green,92
Woodruff,Governor,Mike Beebe,Democratic,1907
Woodruff,Governor,Asa Hutchinson,Republican,473
Woodruff,Governor,Jim Lendall,Green,75
Woodruff,Governor,Rod Bryan,Independent,40
Woodruff,Governor,Gene Mason,Write-In,1
Woodruff,Governor,Michael Jones,Write-In,0
Woodruff,Land Commissioner,Mark Wilcox,Democratic,2194
Woodruff,Land Commissioner,Robert David Lewis,Green,169
Woodruff,Lieutenant Governor,Bill Halter,Democratic,1945
Woodruff,Lieutenant Governor,Jim Holt,Republican,510
Woodruff,Secretary of State,Charlie Daniels,Democratic,2111
Woodruff,Secretary of State,Jim Lagrone,Republican,293
Woodruff,Secretary of State,"Ralph ""Marty"" Scully",Green,60
Woodruff,State Auditor,Auditor of State Jim Wood,Democratic,2338
Woodruff,State Auditor,Michael Joseph Bolzenius,Green,102
Woodruff,State Treasurer,Martha Shoffner,Democratic,2067
Woodruff,State Treasurer,Chris Morris,Republican,322
Woodruff,State Treasurer,Brock Carpenter,Green,68
Yell,Attorney General,Dustin McDaniel,Democratic,2823
Yell,Attorney General,Gunner DeLay,Republican,1427
Yell,Attorney General,Rebekah Kennedy,Green,176
Yell,Governor,Mike Beebe,Democratic,2672
Yell,Governor,Asa Hutchinson,Republican,1582
Yell,Governor,Rod Bryan,Independent,167
Yell,Governor,Jim Lendall,Green,93
Yell,Governor,Michael Jones,Write-In,0
Yell,Governor,Gene Mason,Write-In,0
Yell,Land Commissioner,Mark Wilcox,Democratic,3635
Yell,Land Commissioner,Robert David Lewis,Green,542
Yell,Lieutenant Governor,Bill Halter,Democratic,2797
Yell,Lieutenant Governor,Jim Holt,Republican,1658
Yell,Secretary of State,Charlie Daniels,Democratic,3104
Yell,Secretary of State,Jim Lagrone,Republican,1211
Yell,Secretary of State,"Ralph ""Marty"" Scully",Green,153
Yell,State Auditor,Auditor of State Jim Wood,Democratic,3759
Yell,State Auditor,Michael Joseph Bolzenius,Green,446
Yell,State Treasurer,Martha Shoffner,Democratic,2927
Yell,State Treasurer,Chris Morris,Republican,1302
Yell,State Treasurer,Brock Carpenter,Green,193
